race_id,wind_direction
2025-12-03-01-02,北西
2025-12-03-01-03,北西
2025-12-03-01-04,北西
2025-12-03-01-05,北西
2025-12-03-01-06,北西
2025-12-03-01-07,北西
2025-12-03-01-08,北西
2025-12-03-01-09,西
2025-12-03-01-10,西
2025-12-03-01-11,西
2025-12-03-01-12,西
2025-12-03-02-01,北西
2025-12-03-02-04,北西
2025-12-03-02-06,北西
2025-12-03-02-07,北西
2025-12-03-02-10,北西
2025-12-03-05-01,南西
2025-12-03-05-02,西
2025-12-03-05-04,東
2025-12-03-05-05,西
2025-12-03-05-06,北東
2025-12-03-05-07,西
2025-12-03-05-09,東
2025-12-03-07-01,北西
2025-12-03-07-02,北西
2025-12-03-07-03,北西
2025-12-03-07-04,北西
2025-12-03-07-05,西
2025-12-03-07-06,西
2025-12-03-07-07,北西
2025-12-03-07-08,北西
2025-12-03-07-09,西
2025-12-03-07-10,北西
2025-12-03-07-11,北西
2025-12-03-07-12,西
2025-12-03-12-01,北東
2025-12-03-12-02,南
2025-12-03-12-03,北
2025-12-03-12-04,北東
2025-12-03-12-06,北
2025-12-03-12-07,北東
2025-12-03-12-08,北東
2025-12-03-12-09,北東
2025-12-03-12-10,北東
2025-12-03-13-01,西
2025-12-03-13-02,西
2025-12-03-13-04,西
2025-12-03-13-05,南西
2025-12-03-13-06,南西
2025-12-03-13-07,西
2025-12-03-13-08,北西
2025-12-03-13-09,西
2025-12-03-13-10,西
2025-12-03-13-11,西
2025-12-03-13-12,西
2025-12-03-14-01,北西
2025-12-03-14-02,北西
2025-12-03-14-03,北西
2025-12-03-14-04,北西
2025-12-03-14-05,北西
2025-12-03-14-06,北西
2025-12-03-14-07,北西
2025-12-03-14-08,北西
2025-12-03-14-09,北西
2025-12-03-14-10,北西
2025-12-03-17-01,北
2025-12-03-17-02,北
2025-12-03-17-03,北西
2025-12-03-17-04,西
2025-12-03-17-05,西
2025-12-03-17-06,北
2025-12-03-17-07,南西
2025-12-03-17-08,南西
2025-12-03-17-09,西
2025-12-03-17-10,西
2025-12-03-17-11,西
2025-12-03-17-12,東
2025-12-03-21-01,西
2025-12-03-21-02,西
2025-12-03-21-03,西
2025-12-03-21-04,北西
2025-12-03-21-05,北西
2025-12-03-21-06,北西
2025-12-03-21-07,北西
2025-12-03-21-08,北西
2025-12-03-21-09,北西
2025-12-03-21-10,北西
2025-12-03-21-11,北西
2025-12-03-21-12,北西
2025-12-04-01-01,西
2025-12-04-01-02,西
2025-12-04-01-03,西
2025-12-04-01-04,西
2025-12-04-01-05,西
2025-12-04-01-06,西
2025-12-04-01-07,西
2025-12-04-01-08,西
2025-12-04-01-09,西
2025-12-04-01-10,西
2025-12-04-01-11,西
2025-12-04-01-12,西
2025-12-04-02-01,北西
2025-12-04-02-02,北西
2025-12-04-02-03,北西
2025-12-04-02-04,北西
2025-12-04-02-05,北西
2025-12-04-02-06,北西
2025-12-04-02-07,北西
2025-12-04-02-08,北
2025-12-04-02-09,北西
2025-12-04-02-10,北西
2025-12-04-02-11,北
2025-12-04-02-12,北
2025-12-04-07-01,北西
2025-12-04-07-02,北西
2025-12-04-07-03,北西
2025-12-04-07-04,北西
2025-12-04-07-05,北西
2025-12-04-07-06,北西
2025-12-04-07-07,北西
2025-12-04-07-08,北西
2025-12-04-07-09,北西
2025-12-04-07-10,北西
2025-12-04-07-11,北西
2025-12-04-07-12,西
2025-12-04-08-01,西
2025-12-04-08-02,西
2025-12-04-08-03,西
2025-12-04-08-04,北西
2025-12-04-08-05,北西
2025-12-04-08-06,北西
2025-12-04-08-07,北西
2025-12-04-08-08,北西
2025-12-04-08-09,北西
2025-12-04-08-10,北西
2025-12-04-08-11,北西
2025-12-04-08-12,北西
2025-12-04-11-01,南
2025-12-04-11-02,南西
2025-12-04-11-03,南西
2025-12-04-11-04,南西
2025-12-04-11-05,南西
2025-12-04-11-06,北西
2025-12-04-11-07,北西
2025-12-04-11-08,北西
2025-12-04-11-09,北西
2025-12-04-11-11,南西
2025-12-04-11-12,南西
2025-12-04-13-01,南
2025-12-04-13-03,南東
2025-12-04-13-04,西
2025-12-04-13-05,北西
2025-12-04-13-06,西
2025-12-04-13-08,西
2025-12-04-13-09,西
2025-12-04-13-10,北西
2025-12-04-13-11,西
2025-12-04-13-12,南西
2025-12-04-14-01,西
2025-12-04-14-02,北西
2025-12-04-14-03,西
2025-12-04-14-04,西
2025-12-04-14-05,西
2025-12-04-14-06,西
2025-12-04-14-07,西
2025-12-04-14-08,北西
2025-12-04-14-09,北西
2025-12-04-14-10,北西
2025-12-04-14-11,北西
2025-12-04-14-12,北西
2025-12-04-15-01,西
2025-12-04-15-02,西
2025-12-04-15-03,西
2025-12-04-15-04,西
2025-12-04-15-05,西
2025-12-04-15-06,西
2025-12-04-15-07,南西
2025-12-04-15-08,西
2025-12-04-15-09,西
2025-12-04-15-10,西
2025-12-04-15-11,西
2025-12-04-15-12,西
2025-12-04-17-01,南西
2025-12-04-17-02,南西
2025-12-04-17-03,南西
2025-12-04-17-04,南
2025-12-04-17-05,南西
2025-12-04-17-06,北
2025-12-04-17-07,南西
2025-12-04-17-08,南西
2025-12-04-17-09,西
2025-12-04-17-10,南西
2025-12-04-17-11,南西
2025-12-04-17-12,南西
2025-12-04-18-01,東
2025-12-04-18-02,北
2025-12-04-18-03,東
2025-12-04-18-04,北東
2025-12-04-18-05,北
2025-12-04-18-06,東
2025-12-04-18-07,北東
2025-12-04-18-08,東
2025-12-04-18-09,南
2025-12-04-18-10,南
2025-12-04-18-11,北東
2025-12-04-18-12,南東
2025-12-04-21-01,西
2025-12-04-21-02,北西
2025-12-04-21-03,北西
2025-12-04-21-04,北西
2025-12-04-21-05,西
2025-12-04-21-06,北西
2025-12-04-21-07,北西
2025-12-04-21-08,西
2025-12-04-21-09,西
2025-12-04-21-10,南西
2025-12-04-21-11,南西
2025-12-04-21-12,南西
2025-12-04-24-01,北西
2025-12-04-24-02,北
2025-12-04-24-03,北
2025-12-04-24-04,北
2025-12-04-24-05,東
2025-12-04-24-06,東
2025-12-04-24-07,南東
2025-12-04-24-08,東
2025-12-04-24-09,東
2025-12-04-24-10,東
2025-12-04-24-11,東
2025-12-04-24-12,東
2025-12-05-02-04,北東
2025-12-05-02-08,北西
2025-12-05-02-10,北
2025-12-05-02-11,北西
2025-12-05-02-12,北西
2025-12-05-07-01,北西
2025-12-05-07-02,北西
2025-12-05-07-03,北西
2025-12-05-07-04,北西
2025-12-05-07-05,西
2025-12-05-07-06,北西
2025-12-05-07-07,北西
2025-12-05-07-08,北西
2025-12-05-07-09,北西
2025-12-05-07-10,西
2025-12-05-07-11,西
2025-12-05-07-12,西
2025-12-05-08-01,北西
2025-12-05-08-02,北西
2025-12-05-08-03,北西
2025-12-05-08-04,北西
2025-12-05-08-05,北
2025-12-05-08-06,北
2025-12-05-08-07,北
2025-12-05-08-08,北西
2025-12-05-08-09,北西
2025-12-05-08-10,北西
2025-12-05-08-11,北西
2025-12-05-08-12,北西
2025-12-05-10-01,南東
2025-12-05-10-02,南東
2025-12-05-10-03,南東
2025-12-05-10-04,南東
2025-12-05-10-05,南東
2025-12-05-10-06,南
2025-12-05-10-07,北西
2025-12-05-10-08,北
2025-12-05-10-09,北
2025-12-05-10-10,北
2025-12-05-10-11,南東
2025-12-05-10-12,東
2025-12-05-11-01,南西
2025-12-05-11-02,北
2025-12-05-11-03,南西
2025-12-05-11-04,北西
2025-12-05-11-05,北西
2025-12-05-11-06,北西
2025-12-05-11-07,南西
2025-12-05-11-08,北西
2025-12-05-11-09,北西
2025-12-05-11-10,北西
2025-12-05-11-11,南西
2025-12-05-11-12,北西
2025-12-05-13-01,南西
2025-12-05-13-02,南西
2025-12-05-13-03,西
2025-12-05-13-04,西
2025-12-05-13-06,北西
2025-12-05-13-07,西
2025-12-05-13-08,北西
2025-12-05-13-09,北西
2025-12-05-13-10,北西
2025-12-05-13-11,西
2025-12-05-13-12,西
2025-12-05-14-01,北西
2025-12-05-14-02,北西
2025-12-05-14-03,北西
2025-12-05-14-04,北西
2025-12-05-14-05,北西
2025-12-05-14-06,北西
2025-12-05-14-07,北西
2025-12-05-14-08,西
2025-12-05-14-09,北西
2025-12-05-14-10,西
2025-12-05-14-11,北西
2025-12-05-14-12,西
2025-12-05-15-01,北西
2025-12-05-15-02,北西
2025-12-05-15-03,北西
2025-12-05-15-04,北西
2025-12-05-15-05,北西
2025-12-05-15-06,北西
2025-12-05-15-07,北西
2025-12-05-15-08,北西
2025-12-05-15-09,北西
2025-12-05-15-10,北西
2025-12-05-15-11,北西
2025-12-05-15-12,南
2025-12-05-17-01,北
2025-12-05-17-02,北西
2025-12-05-17-03,西
2025-12-05-17-04,西
2025-12-05-17-05,北西
2025-12-05-17-06,北
2025-12-05-17-07,北
2025-12-05-17-08,西
2025-12-05-17-09,北西
2025-12-05-17-10,北
2025-12-05-17-11,西
2025-12-05-17-12,北
2025-12-05-18-01,北
2025-12-05-18-02,西
2025-12-05-18-03,北東
2025-12-05-18-04,北
2025-12-05-18-05,東
2025-12-05-18-06,北
2025-12-05-18-07,北
2025-12-05-18-08,北東
2025-12-05-18-09,北東
2025-12-05-18-10,北
2025-12-05-18-11,北東
2025-12-05-18-12,北東
2025-12-05-20-01,北
2025-12-05-20-02,北東
2025-12-05-20-03,北東
2025-12-05-20-04,北
2025-12-05-20-05,北
2025-12-05-20-06,北
2025-12-05-20-07,北
2025-12-05-20-08,北
2025-12-05-20-10,北
2025-12-05-20-11,北
2025-12-05-20-12,北
2025-12-05-22-01,北
2025-12-05-22-02,北西
2025-12-05-22-03,北
2025-12-05-22-04,北
2025-12-05-22-05,北
2025-12-05-22-06,北
2025-12-05-22-07,北
2025-12-05-22-08,北
2025-12-05-22-09,北
2025-12-05-22-10,北
2025-12-05-22-11,北
2025-12-05-22-12,北
2025-12-05-24-01,北東
2025-12-05-24-02,北東
2025-12-05-24-03,北
2025-12-05-24-04,北
2025-12-05-24-05,東
2025-12-05-24-07,東
2025-12-05-24-08,東
2025-12-05-24-09,南東
2025-12-05-24-10,南東
2025-12-05-24-11,南東
2025-12-05-24-12,南東
2025-12-06-02-05,東
2025-12-06-02-06,南東
2025-12-06-02-07,南東
2025-12-06-02-11,東
2025-12-06-07-01,北西
2025-12-06-07-02,西
2025-12-06-07-03,西
2025-12-06-07-04,西
2025-12-06-07-05,北西
2025-12-06-07-06,西
2025-12-06-07-07,北西
2025-12-06-07-08,北西
2025-12-06-07-09,北西
2025-12-06-07-10,北西
2025-12-06-07-11,北西
2025-12-06-07-12,北西
2025-12-06-08-01,北西
2025-12-06-08-02,北西
2025-12-06-08-03,北
2025-12-06-08-04,北西
2025-12-06-08-05,北西
2025-12-06-08-06,北西
2025-12-06-08-07,北東
2025-12-06-08-08,北
2025-12-06-08-09,北西
2025-12-06-08-10,北
2025-12-06-08-11,北西
2025-12-06-08-12,北東
2025-12-06-09-01,東
2025-12-06-09-02,東
2025-12-06-09-03,東
2025-12-06-09-04,東
2025-12-06-09-05,東
2025-12-06-09-06,東
2025-12-06-09-07,東
2025-12-06-09-08,東
2025-12-06-09-09,東
2025-12-06-09-10,東
2025-12-06-09-11,東
2025-12-06-09-12,東
2025-12-06-10-01,南東
2025-12-06-10-02,南東
2025-12-06-10-03,南東
2025-12-06-10-04,南東
2025-12-06-10-05,南東
2025-12-06-10-06,南東
2025-12-06-10-07,南東
2025-12-06-10-08,南東
2025-12-06-10-09,南東
2025-12-06-10-10,南東
2025-12-06-10-11,南東
2025-12-06-10-12,南東
2025-12-06-11-01,南
2025-12-06-11-02,南西
2025-12-06-11-03,南西
2025-12-06-11-04,南西
2025-12-06-11-05,南西
2025-12-06-11-06,南
2025-12-06-11-07,南
2025-12-06-11-08,南
2025-12-06-11-09,南西
2025-12-06-11-10,南西
2025-12-06-11-11,南西
2025-12-06-11-12,南
2025-12-06-15-01,西
2025-12-06-15-02,西
2025-12-06-15-03,西
2025-12-06-15-04,南西
2025-12-06-15-05,南
2025-12-06-15-06,南
2025-12-06-15-07,南
2025-12-06-15-08,南東
2025-12-06-15-09,南東
2025-12-06-15-10,南東
2025-12-06-15-11,南東
2025-12-06-15-12,南東
2025-12-06-17-01,東
2025-12-06-17-02,東
2025-12-06-17-03,東
2025-12-06-17-04,北東
2025-12-06-17-05,南西
2025-12-06-17-06,南西
2025-12-06-17-07,南西
2025-12-06-17-08,南西
2025-12-06-17-09,南西
2025-12-06-17-10,南西
2025-12-06-17-11,南西
2025-12-06-17-12,南西
2025-12-06-18-01,東
2025-12-06-18-02,東
2025-12-06-18-03,東
2025-12-06-18-04,東
2025-12-06-18-05,東
2025-12-06-18-06,東
2025-12-06-18-07,南東
2025-12-06-18-08,南
2025-12-06-18-09,南東
2025-12-06-18-10,北東
2025-12-06-18-11,南
2025-12-06-18-12,北東
2025-12-06-20-01,北西
2025-12-06-20-02,北西
2025-12-06-20-03,北西
2025-12-06-20-04,北西
2025-12-06-20-05,北西
2025-12-06-20-06,北西
2025-12-06-20-07,西
2025-12-06-20-08,西
2025-12-06-20-09,北西
2025-12-06-20-10,北西
2025-12-06-20-11,北西
2025-12-06-20-12,北西
2025-12-06-22-01,南
2025-12-06-22-02,南
2025-12-06-22-03,南
2025-12-06-22-04,南
2025-12-06-22-05,南
2025-12-06-22-06,南
2025-12-06-22-07,南
2025-12-06-22-08,南
2025-12-06-22-09,南
2025-12-06-22-10,南
2025-12-06-22-11,南
2025-12-06-22-12,南
2025-12-06-24-01,東
2025-12-06-24-02,東
2025-12-06-24-03,南東
2025-12-06-24-04,南東
2025-12-06-24-05,南東
2025-12-06-24-06,南東
2025-12-06-24-07,南
2025-12-06-24-08,南東
2025-12-06-24-09,南
2025-12-06-24-10,南
2025-12-06-24-11,南
2025-12-06-24-12,南東
2025-12-07-02-02,東
2025-12-07-02-07,南東
2025-12-07-02-10,南東
2025-12-07-02-11,南東
2025-12-07-08-01,北
2025-12-07-08-02,北東
2025-12-07-08-03,北
2025-12-07-08-04,北東
2025-12-07-08-05,北西
2025-12-07-08-06,北
2025-12-07-08-07,北
2025-12-07-08-08,北東
2025-12-07-08-09,北東
2025-12-07-08-10,北東
2025-12-07-08-11,北東
2025-12-07-08-12,北
2025-12-07-09-01,東
2025-12-07-09-02,東
2025-12-07-09-03,東
2025-12-07-09-04,東
2025-12-07-09-05,東
2025-12-07-09-06,東
2025-12-07-09-07,東
2025-12-07-09-08,東
2025-12-07-09-09,東
2025-12-07-09-10,東
2025-12-07-09-11,東
2025-12-07-10-01,南東
2025-12-07-10-02,南東
2025-12-07-10-03,南東
2025-12-07-10-04,南東
2025-12-07-10-05,南東
2025-12-07-10-06,南東
2025-12-07-10-07,南東
2025-12-07-10-08,南東
2025-12-07-10-09,南東
2025-12-07-10-10,南東
2025-12-07-10-11,南東
2025-12-07-10-12,北西
2025-12-07-11-01,南西
2025-12-07-11-02,南
2025-12-07-11-03,南西
2025-12-07-11-04,南西
2025-12-07-11-05,南西
2025-12-07-11-06,南西
2025-12-07-11-07,南
2025-12-07-11-08,南西
2025-12-07-11-09,南西
2025-12-07-11-10,南西
2025-12-07-11-11,南
2025-12-07-11-12,南西
2025-12-07-13-04,南西
2025-12-07-13-05,南
2025-12-07-13-06,南
2025-12-07-13-07,南
2025-12-07-13-08,南西
2025-12-07-13-09,南西
2025-12-07-13-10,南
2025-12-07-13-11,南西
2025-12-07-13-12,南
2025-12-07-15-01,南西
2025-12-07-15-02,南西
2025-12-07-15-03,南西
2025-12-07-15-04,南西
2025-12-07-15-05,南西
2025-12-07-15-06,南西
2025-12-07-15-07,南西
2025-12-07-15-08,南西
2025-12-07-15-09,南
2025-12-07-15-10,南西
2025-12-07-15-11,南西
2025-12-07-15-12,南東
2025-12-07-18-01,北東
2025-12-07-18-02,東
2025-12-07-18-03,東
2025-12-07-18-04,東
2025-12-07-18-05,南
2025-12-07-18-06,南東
2025-12-07-18-07,南
2025-12-07-18-08,東
2025-12-07-18-09,南
2025-12-07-18-10,南
2025-12-07-18-11,南西
2025-12-07-18-12,南西
2025-12-07-19-01,西
2025-12-07-19-02,北西
2025-12-07-19-03,西
2025-12-07-19-04,西
2025-12-07-19-05,西
2025-12-07-19-06,南西
2025-12-07-19-07,南西
2025-12-07-19-08,北西
2025-12-07-19-09,北西
2025-12-07-19-10,北西
2025-12-07-19-11,北西
2025-12-07-19-12,北西
2025-12-07-20-01,西
2025-12-07-20-02,西
2025-12-07-20-03,西
2025-12-07-20-04,西
2025-12-07-20-05,西
2025-12-07-20-06,西
2025-12-07-20-07,西
2025-12-07-20-08,西
2025-12-07-20-09,西
2025-12-07-20-10,西
2025-12-07-20-11,西
2025-12-07-20-12,西
2025-12-07-22-01,南
2025-12-07-22-02,南
2025-12-07-22-03,南
2025-12-07-22-04,南
2025-12-07-22-05,南
2025-12-07-22-06,南
2025-12-07-22-07,南
2025-12-07-22-08,南
2025-12-07-22-09,南
2025-12-07-22-10,北西
2025-12-07-22-11,北西
2025-12-07-22-12,北西
2025-12-08-03-01,南東
2025-12-08-03-02,南
2025-12-08-03-03,南
2025-12-08-03-04,南東
2025-12-08-03-05,南
2025-12-08-03-06,南
2025-12-08-03-07,南東
2025-12-08-03-08,南
2025-12-08-03-09,南
2025-12-08-03-10,北東
2025-12-08-03-11,東
2025-12-08-03-12,北東
2025-12-08-08-01,北
2025-12-08-08-02,北
2025-12-08-08-03,北西
2025-12-08-08-04,北西
2025-12-08-08-05,北西
2025-12-08-08-06,北
2025-12-08-08-07,北
2025-12-08-08-08,北西
2025-12-08-08-09,北西
2025-12-08-08-10,西
2025-12-08-08-11,北
2025-12-08-08-12,北西
2025-12-08-09-03,東
2025-12-08-09-04,東
2025-12-08-09-05,東
2025-12-08-09-06,東
2025-12-08-09-09,西
2025-12-08-09-10,西
2025-12-08-09-11,西
2025-12-08-09-12,西
2025-12-08-10-01,南東
2025-12-08-10-02,南東
2025-12-08-10-03,南東
2025-12-08-10-04,南東
2025-12-08-10-05,西
2025-12-08-10-06,南東
2025-12-08-10-07,北西
2025-12-08-10-08,北西
2025-12-08-10-09,北西
2025-12-08-10-10,北西
2025-12-08-10-11,北西
2025-12-08-10-12,北西
2025-12-08-11-02,南西
2025-12-08-11-03,南西
2025-12-08-11-04,南西
2025-12-08-11-05,南西
2025-12-08-11-06,南西
2025-12-08-11-07,南西
2025-12-08-11-08,南西
2025-12-08-11-11,北西
2025-12-08-11-12,北
2025-12-08-13-02,東
2025-12-08-13-03,北東
2025-12-08-13-05,南西
2025-12-08-13-06,南西
2025-12-08-13-07,南西
2025-12-08-13-08,西
2025-12-08-13-09,西
2025-12-08-13-10,東
2025-12-08-13-11,南東
2025-12-08-13-12,南
2025-12-08-15-01,西
2025-12-08-15-02,西
2025-12-08-15-03,西
2025-12-08-15-04,北西
2025-12-08-15-05,北
2025-12-08-15-06,北
2025-12-08-15-07,北
2025-12-08-15-08,北
2025-12-08-15-09,北
2025-12-08-15-10,北
2025-12-08-15-11,北
2025-12-08-15-12,北
2025-12-08-18-01,北東
2025-12-08-18-02,南東
2025-12-08-18-03,南西
2025-12-08-18-04,南
2025-12-08-18-05,北東
2025-12-08-18-06,東
2025-12-08-18-07,北
2025-12-08-18-08,東
2025-12-08-18-09,南
2025-12-08-18-10,北東
2025-12-08-18-11,北東
2025-12-08-18-12,北東
2025-12-08-19-01,北
2025-12-08-19-02,東
2025-12-08-19-03,東
2025-12-08-19-04,東
2025-12-08-19-05,北
2025-12-08-19-06,北
2025-12-08-19-07,北
2025-12-08-19-08,北
2025-12-08-19-09,北
2025-12-08-19-10,北
2025-12-08-19-11,北
2025-12-08-19-12,北東
2025-12-08-20-01,北
2025-12-08-20-02,北
2025-12-08-20-03,北
2025-12-08-20-04,北東
2025-12-08-20-05,北東
2025-12-08-20-06,北
2025-12-08-20-07,北
2025-12-08-20-08,北
2025-12-08-20-09,北
2025-12-08-20-10,北
2025-12-08-20-11,北
2025-12-08-20-12,北
2025-12-08-22-01,北西
2025-12-08-22-02,北西
2025-12-08-22-03,北西
2025-12-08-22-04,北
2025-12-08-22-05,北
2025-12-08-22-06,北
2025-12-08-22-07,北
2025-12-08-22-08,北
2025-12-08-22-09,北
2025-12-08-22-10,北
2025-12-08-22-11,北
2025-12-08-22-12,北
2025-12-09-03-01,北東
2025-12-09-03-02,北東
2025-12-09-03-03,北東
2025-12-09-03-04,北東
2025-12-09-03-05,北東
2025-12-09-03-06,北東
2025-12-09-03-07,北東
2025-12-09-03-08,北東
2025-12-09-03-09,北東
2025-12-09-03-10,北東
2025-12-09-03-11,北東
2025-12-09-03-12,北東
2025-12-09-07-01,北西
2025-12-09-07-02,西
2025-12-09-07-03,北西
2025-12-09-07-04,北西
2025-12-09-07-05,北西
2025-12-09-07-06,北西
2025-12-09-07-07,北西
2025-12-09-07-08,北
2025-12-09-07-09,北西
2025-12-09-07-10,北
2025-12-09-07-11,北西
2025-12-09-07-12,北西
2025-12-09-08-01,北西
2025-12-09-08-02,北
2025-12-09-08-03,北
2025-12-09-08-04,北
2025-12-09-08-05,北西
2025-12-09-08-06,北西
2025-12-09-08-07,北西
2025-12-09-08-08,北西
2025-12-09-08-09,北西
2025-12-09-08-10,北西
2025-12-09-08-11,北西
2025-12-09-08-12,北西
2025-12-09-09-01,西
2025-12-09-09-02,西
2025-12-09-09-03,西
2025-12-09-09-04,西
2025-12-09-09-05,西
2025-12-09-09-06,西
2025-12-09-09-07,西
2025-12-09-09-08,西
2025-12-09-09-09,西
2025-12-09-09-10,西
2025-12-09-09-11,西
2025-12-09-09-12,西
2025-12-09-11-01,北
2025-12-09-11-02,北東
2025-12-09-11-04,東
2025-12-09-11-05,北東
2025-12-09-11-06,南東
2025-12-09-11-07,北
2025-12-09-11-08,南西
2025-12-09-11-09,南西
2025-12-09-11-10,南
2025-12-09-11-12,北東
2025-12-09-13-01,西
2025-12-09-13-02,南西
2025-12-09-13-03,東
2025-12-09-13-07,南西
2025-12-09-13-08,西
2025-12-09-13-09,東
2025-12-09-13-10,東
2025-12-09-13-12,北東
2025-12-09-14-01,北西
2025-12-09-14-02,西
2025-12-09-14-03,北西
2025-12-09-14-04,北西
2025-12-09-14-05,北西
2025-12-09-14-06,北西
2025-12-09-14-07,北西
2025-12-09-14-08,北西
2025-12-09-14-09,北西
2025-12-09-14-10,西
2025-12-09-14-11,北西
2025-12-09-14-12,北西
2025-12-09-18-01,東
2025-12-09-18-02,東
2025-12-09-18-03,東
2025-12-09-18-04,北東
2025-12-09-18-05,南
2025-12-09-18-06,南
2025-12-09-18-07,南西
2025-12-09-18-08,南西
2025-12-09-18-09,西
2025-12-09-18-10,南西
2025-12-09-18-11,南西
2025-12-09-18-12,南西
2025-12-09-19-01,西
2025-12-09-19-02,北西
2025-12-09-19-03,西
2025-12-09-19-04,北西
2025-12-09-19-05,北
2025-12-09-19-06,北西
2025-12-09-19-07,北西
2025-12-09-19-08,北西
2025-12-09-19-09,北西
2025-12-09-19-10,北東
2025-12-09-19-11,北東
2025-12-09-19-12,北東
2025-12-09-20-01,北西
2025-12-09-20-02,北西
2025-12-09-20-03,北西
2025-12-09-20-04,北西
2025-12-09-20-05,北西
2025-12-09-20-06,北西
2025-12-09-20-07,北西
2025-12-09-20-08,北西
2025-12-09-20-09,北西
2025-12-09-20-10,北
2025-12-09-20-11,北西
2025-12-09-20-12,北西
2025-12-09-21-01,南
2025-12-09-21-02,東
2025-12-09-21-03,東
2025-12-09-21-04,南
2025-12-09-21-05,南
2025-12-09-21-06,東
2025-12-09-21-07,南
2025-12-09-21-09,北西
2025-12-09-21-10,北西
2025-12-09-21-11,北西
2025-12-09-21-12,西
2025-12-09-22-01,南
2025-12-09-22-02,北
2025-12-09-22-03,北
2025-12-09-22-04,北
2025-12-09-22-05,北東
2025-12-09-22-06,北西
2025-12-09-22-07,北
2025-12-09-22-08,北
2025-12-09-22-09,北西
2025-12-09-22-10,北西
2025-12-09-22-11,北西
2025-12-09-22-12,北西
2025-12-10-03-01,北
2025-12-10-03-02,北
2025-12-10-03-03,北
2025-12-10-03-04,北
2025-12-10-03-05,北
2025-12-10-03-06,北
2025-12-10-03-07,北東
2025-12-10-03-08,東
2025-12-10-03-09,北東
2025-12-10-03-10,北東
2025-12-10-03-11,北東
2025-12-10-03-12,南東
2025-12-10-05-01,北
2025-12-10-05-02,西
2025-12-10-05-03,東
2025-12-10-05-04,北東
2025-12-10-05-05,北東
2025-12-10-05-06,北東
2025-12-10-05-07,北東
2025-12-10-05-10,北東
2025-12-10-05-11,北東
2025-12-10-05-12,北東
2025-12-10-06-01,西
2025-12-10-06-02,西
2025-12-10-06-03,西
2025-12-10-06-04,西
2025-12-10-06-05,北西
2025-12-10-06-06,北西
2025-12-10-06-07,北西
2025-12-10-06-08,北西
2025-12-10-06-09,北西
2025-12-10-06-10,北西
2025-12-10-06-11,北西
2025-12-10-06-12,西
2025-12-10-07-01,北西
2025-12-10-07-02,北西
2025-12-10-07-03,北西
2025-12-10-07-04,北西
2025-12-10-07-05,北西
2025-12-10-07-06,西
2025-12-10-07-07,北西
2025-12-10-07-08,北西
2025-12-10-07-09,北西
2025-12-10-07-10,北
2025-12-10-07-11,北
2025-12-10-07-12,北西
2025-12-10-09-01,北西
2025-12-10-09-02,北西
2025-12-10-09-03,北西
2025-12-10-09-04,北西
2025-12-10-09-05,北西
2025-12-10-09-06,北西
2025-12-10-09-07,北西
2025-12-10-09-08,北西
2025-12-10-09-09,北西
2025-12-10-09-10,北西
2025-12-10-09-11,北西
2025-12-10-09-12,北西
2025-12-10-13-05,南西
2025-12-10-13-06,南西
2025-12-10-13-07,南西
2025-12-10-13-08,西
2025-12-10-13-09,南西
2025-12-10-13-10,南西
2025-12-10-13-11,北西
2025-12-10-13-12,南西
2025-12-10-14-01,南東
2025-12-10-14-02,北西
2025-12-10-14-03,北西
2025-12-10-14-04,北西
2025-12-10-14-05,北西
2025-12-10-14-06,北西
2025-12-10-14-07,北西
2025-12-10-14-08,北西
2025-12-10-14-09,北西
2025-12-10-14-10,北西
2025-12-10-14-11,北西
2025-12-10-14-12,西
2025-12-10-17-01,東
2025-12-10-17-02,東
2025-12-10-17-03,東
2025-12-10-17-04,東
2025-12-10-17-05,東
2025-12-10-17-06,東
2025-12-10-17-07,東
2025-12-10-17-08,東
2025-12-10-17-09,東
2025-12-10-17-10,東
2025-12-10-17-11,東
2025-12-10-19-01,南
2025-12-10-19-02,南
2025-12-10-19-03,南
2025-12-10-19-04,北
2025-12-10-19-05,北
2025-12-10-19-06,北東
2025-12-10-19-07,北東
2025-12-10-19-08,北東
2025-12-10-19-09,北東
2025-12-10-19-10,北東
2025-12-10-19-11,北東
2025-12-10-19-12,北東
2025-12-10-20-01,北
2025-12-10-20-02,北
2025-12-10-20-03,北
2025-12-10-20-04,北
2025-12-10-20-05,北
2025-12-10-20-07,北
2025-12-10-20-08,北東
2025-12-10-20-09,北東
2025-12-10-20-10,北東
2025-12-10-20-11,北東
2025-12-10-20-12,北
2025-12-10-21-02,南
2025-12-10-21-03,南
2025-12-10-21-04,南
2025-12-10-21-05,南
2025-12-10-21-06,南
2025-12-10-21-07,南
2025-12-10-21-08,南
2025-12-10-21-10,西
2025-12-10-21-11,北
2025-12-10-21-12,北西
2025-12-10-22-01,北
2025-12-10-22-02,北
2025-12-10-22-03,北西
2025-12-10-22-04,北西
2025-12-10-22-05,北西
2025-12-10-22-06,北西
2025-12-10-22-07,北西
2025-12-10-22-08,北
2025-12-10-22-09,北
2025-12-10-22-10,北
2025-12-10-22-11,北
2025-12-10-22-12,北
2025-12-11-03-01,北東
2025-12-11-03-02,東
2025-12-11-03-03,南東
2025-12-11-03-04,南
2025-12-11-03-05,南
2025-12-11-03-06,南
2025-12-11-03-07,南東
2025-12-11-03-08,南
2025-12-11-03-09,南
2025-12-11-03-10,南
2025-12-11-03-11,南
2025-12-11-03-12,南
2025-12-11-05-01,北東
2025-12-11-05-02,北東
2025-12-11-05-03,北東
2025-12-11-05-04,南東
2025-12-11-05-05,南
2025-12-11-05-06,北東
2025-12-11-05-07,南西
2025-12-11-05-08,南
2025-12-11-05-09,南東
2025-12-11-05-10,南
2025-12-11-05-11,南西
2025-12-11-05-12,南東
2025-12-11-06-01,北
2025-12-11-06-02,北西
2025-12-11-06-03,北東
2025-12-11-06-04,南
2025-12-11-06-05,南
2025-12-11-06-06,南
2025-12-11-06-07,南
2025-12-11-06-08,南
2025-12-11-06-09,南
2025-12-11-06-10,南
2025-12-11-06-11,南
2025-12-11-07-01,南東
2025-12-11-07-02,南東
2025-12-11-07-03,南東
2025-12-11-07-04,南東
2025-12-11-07-05,南東
2025-12-11-07-06,南東
2025-12-11-07-07,北西
2025-12-11-07-08,北西
2025-12-11-07-09,北西
2025-12-11-07-10,北西
2025-12-11-07-11,北西
2025-12-11-07-12,北西
2025-12-11-09-01,東
2025-12-11-09-02,東
2025-12-11-09-03,東
2025-12-11-09-04,東
2025-12-11-09-05,東
2025-12-11-09-06,東
2025-12-11-09-07,東
2025-12-11-09-08,東
2025-12-11-09-09,東
2025-12-11-09-10,東
2025-12-11-09-11,東
2025-12-11-09-12,東
2025-12-11-13-03,北東
2025-12-11-13-04,北東
2025-12-11-13-06,西
2025-12-11-13-07,西
2025-12-11-13-08,南西
2025-12-11-13-09,西
2025-12-11-13-10,西
2025-12-11-13-11,南西
2025-12-11-13-12,南西
2025-12-11-14-01,南東
2025-12-11-14-02,南東
2025-12-11-14-03,東
2025-12-11-14-04,東
2025-12-11-14-05,東
2025-12-11-14-06,南東
2025-12-11-14-07,南東
2025-12-11-14-08,南東
2025-12-11-14-09,南東
2025-12-11-14-10,東
2025-12-11-14-11,東
2025-12-11-14-12,北西
2025-12-11-15-01,南西
2025-12-11-15-02,南西
2025-12-11-15-03,南西
2025-12-11-15-04,南西
2025-12-11-15-05,南東
2025-12-11-15-06,南東
2025-12-11-15-07,南
2025-12-11-15-08,南西
2025-12-11-15-09,南西
2025-12-11-15-10,南西
2025-12-11-15-11,南西
2025-12-11-15-12,西
2025-12-11-17-01,東
2025-12-11-17-02,東
2025-12-11-17-03,東
2025-12-11-17-04,東
2025-12-11-17-05,東
2025-12-11-17-06,東
2025-12-11-17-07,東
2025-12-11-17-09,南
2025-12-11-17-11,南西
2025-12-11-17-12,南西
2025-12-11-19-01,北
2025-12-11-19-02,北
2025-12-11-19-03,北東
2025-12-11-19-04,北東
2025-12-11-19-05,南東
2025-12-11-19-06,東
2025-12-11-19-07,北東
2025-12-11-19-08,北東
2025-12-11-19-09,北東
2025-12-11-19-10,東
2025-12-11-19-11,東
2025-12-11-19-12,北
2025-12-11-21-01,東
2025-12-11-21-02,東
2025-12-11-21-03,南
2025-12-11-21-04,南
2025-12-11-21-05,東
2025-12-11-21-06,東
2025-12-11-21-07,南
2025-12-11-21-08,南
2025-12-11-21-10,南
2025-12-12-05-01,北
2025-12-12-05-02,北西
2025-12-12-05-03,北西
2025-12-12-05-04,北
2025-12-12-05-05,東
2025-12-12-05-06,東
2025-12-12-05-07,東
2025-12-12-05-08,東
2025-12-12-05-09,東
2025-12-12-05-10,東
2025-12-12-05-11,北東
2025-12-12-05-12,北西
2025-12-12-06-01,北西
2025-12-12-06-02,北西
2025-12-12-06-03,北西
2025-12-12-06-04,北西
2025-12-12-06-05,北西
2025-12-12-06-06,北西
2025-12-12-06-07,北西
2025-12-12-06-08,北西
2025-12-12-06-09,北西
2025-12-12-06-10,北西
2025-12-12-06-11,北西
2025-12-12-06-12,北西
2025-12-12-07-01,北東
2025-12-12-07-02,北東
2025-12-12-07-03,西
2025-12-12-07-04,北西
2025-12-12-07-05,南西
2025-12-12-07-06,北西
2025-12-12-07-07,北西
2025-12-12-07-08,北西
2025-12-12-07-09,北西
2025-12-12-07-10,北西
2025-12-12-07-11,北西
2025-12-12-07-12,北西
2025-12-12-10-01,北西
2025-12-12-10-02,北西
2025-12-12-10-03,北
2025-12-12-10-04,北
2025-12-12-10-05,北
2025-12-12-10-06,北
2025-12-12-10-07,北
2025-12-12-10-08,北
2025-12-12-10-09,北
2025-12-12-10-10,北
2025-12-12-10-11,北
2025-12-12-10-12,北
2025-12-12-13-01,南西
2025-12-12-13-02,北
2025-12-12-13-03,南
2025-12-12-13-04,北東
2025-12-12-13-05,南東
2025-12-12-13-06,北東
2025-12-12-13-07,東
2025-12-12-13-08,東
2025-12-12-13-09,南東
2025-12-12-13-10,北東
2025-12-12-13-11,西
2025-12-12-13-12,北東
2025-12-12-14-01,北
2025-12-12-14-02,北東
2025-12-12-14-03,北東
2025-12-12-14-04,北東
2025-12-12-14-05,北東
2025-12-12-14-06,北東
2025-12-12-14-07,北西
2025-12-12-14-08,北西
2025-12-12-14-09,北東
2025-12-12-14-10,北
2025-12-12-14-11,北東
2025-12-12-14-12,北
2025-12-12-15-01,北
2025-12-12-15-02,北
2025-12-12-15-03,北東
2025-12-12-15-04,北
2025-12-12-15-05,北
2025-12-12-15-06,北
2025-12-12-15-07,北東
2025-12-12-15-08,北
2025-12-12-15-09,北
2025-12-12-15-10,北
2025-12-12-15-11,北
2025-12-12-15-12,北
2025-12-12-17-01,北東
2025-12-12-17-02,北東
2025-12-12-17-03,北東
2025-12-12-17-04,北東
2025-12-12-17-05,北東
2025-12-12-17-06,北東
2025-12-12-17-07,北東
2025-12-12-17-08,北東
2025-12-12-17-09,北東
2025-12-12-17-10,北東
2025-12-12-17-11,北東
2025-12-12-17-12,北東
2025-12-12-19-01,北東
2025-12-12-19-02,北東
2025-12-12-19-03,北東
2025-12-12-19-04,北東
2025-12-12-19-05,北東
2025-12-12-19-06,北東
2025-12-12-19-07,北東
2025-12-12-19-08,北東
2025-12-12-19-09,北東
2025-12-12-19-10,北東
2025-12-12-19-11,北東
2025-12-12-19-12,北東
2025-12-12-21-01,東
2025-12-12-21-02,東
2025-12-12-21-03,東
2025-12-12-21-04,東
2025-12-12-21-05,東
2025-12-12-21-06,北東
2025-12-12-21-07,北東
2025-12-12-21-08,北東
2025-12-12-21-09,東
2025-12-12-21-10,北東
2025-12-12-21-11,北東
2025-12-12-21-12,北東
2025-12-13-01-01,東
2025-12-13-01-02,東
2025-12-13-01-03,東
2025-12-13-01-04,東
2025-12-13-01-05,北東
2025-12-13-01-06,北
2025-12-13-01-07,西
2025-12-13-01-08,北西
2025-12-13-01-09,西
2025-12-13-01-10,北西
2025-12-13-01-12,北西
2025-12-13-02-01,北東
2025-12-13-02-04,東
2025-12-13-02-05,南東
2025-12-13-02-06,東
2025-12-13-02-07,東
2025-12-13-02-10,南東
2025-12-13-02-11,南東
2025-12-13-02-12,東
2025-12-13-03-01,東
2025-12-13-03-02,北東
2025-12-13-03-03,北東
2025-12-13-03-04,東
2025-12-13-03-05,南東
2025-12-13-03-06,南東
2025-12-13-03-07,南東
2025-12-13-03-08,東
2025-12-13-03-09,南東
2025-12-13-03-10,東
2025-12-13-03-11,東
2025-12-13-03-12,東
2025-12-13-05-01,北東
2025-12-13-05-02,北東
2025-12-13-05-03,北東
2025-12-13-05-04,東
2025-12-13-05-05,北東
2025-12-13-05-07,北
2025-12-13-05-09,北東
2025-12-13-05-10,南東
2025-12-13-05-11,北東
2025-12-13-05-12,北東
2025-12-13-06-01,西
2025-12-13-06-02,北
2025-12-13-06-03,北
2025-12-13-06-04,北西
2025-12-13-06-06,北西
2025-12-13-06-08,北西
2025-12-13-06-09,北
2025-12-13-06-10,北
2025-12-13-06-12,北
2025-12-13-07-01,北西
2025-12-13-07-02,西
2025-12-13-07-03,北西
2025-12-13-07-04,北西
2025-12-13-07-05,西
2025-12-13-07-06,北西
2025-12-13-07-07,北西
2025-12-13-07-08,北西
2025-12-13-07-09,北西
2025-12-13-07-10,西
2025-12-13-07-12,東
2025-12-13-08-01,西
2025-12-13-08-02,南東
2025-12-13-08-03,南東
2025-12-13-08-04,北
2025-12-13-08-05,北東
2025-12-13-08-06,北東
2025-12-13-08-07,北東
2025-12-13-08-08,北東
2025-12-13-08-09,北東
2025-12-13-08-10,北東
2025-12-13-08-11,北東
2025-12-13-08-12,北東
2025-12-13-10-01,南東
2025-12-13-10-02,北東
2025-12-13-10-03,北東
2025-12-13-10-04,北東
2025-12-13-10-05,南東
2025-12-13-10-06,南東
2025-12-13-10-07,南
2025-12-13-10-08,北東
2025-12-13-10-09,北
2025-12-13-10-10,北東
2025-12-13-10-11,北東
2025-12-13-10-12,北東
2025-12-13-15-01,東
2025-12-13-15-02,東
2025-12-13-15-03,東
2025-12-13-15-04,東
2025-12-13-15-05,東
2025-12-13-15-06,東
2025-12-13-15-07,東
2025-12-13-15-08,東
2025-12-13-15-09,南東
2025-12-13-15-10,北東
2025-12-13-15-11,北東
2025-12-13-15-12,南
2025-12-13-17-01,北東
2025-12-13-17-02,北
2025-12-13-17-03,北
2025-12-13-17-04,北東
2025-12-13-17-05,北
2025-12-13-17-06,北東
2025-12-13-17-07,北東
2025-12-13-17-08,東
2025-12-13-17-09,北
2025-12-13-17-10,北
2025-12-13-17-11,北
2025-12-13-17-12,北
2025-12-13-18-01,東
2025-12-13-18-02,北東
2025-12-13-18-03,北東
2025-12-13-18-04,東
2025-12-13-18-05,東
2025-12-13-18-06,東
2025-12-13-18-07,南東
2025-12-13-18-08,東
2025-12-13-18-09,東
2025-12-13-18-10,東
2025-12-13-18-11,東
2025-12-13-18-12,北東
2025-12-13-21-01,東
2025-12-13-21-02,東
2025-12-13-21-03,東
2025-12-13-21-04,北東
2025-12-13-21-05,東
2025-12-13-21-06,東
2025-12-13-21-07,東
2025-12-13-21-08,東
2025-12-13-21-09,西
2025-12-13-21-10,西
2025-12-13-21-11,東
2025-12-13-21-12,南西
2025-12-13-24-01,南
2025-12-13-24-02,南東
2025-12-13-24-03,南東
2025-12-13-24-04,南東
2025-12-13-24-05,南東
2025-12-13-24-06,南東
2025-12-13-24-07,南東
2025-12-13-24-08,南東
2025-12-13-24-09,南東
2025-12-13-24-10,南東
2025-12-13-24-11,東
2025-12-13-24-12,東
2025-12-14-01-01,南
2025-12-14-01-03,南
2025-12-14-01-04,南
2025-12-14-01-05,南
2025-12-14-01-07,西
2025-12-14-01-09,西
2025-12-14-01-10,西
2025-12-14-01-11,西
2025-12-14-01-12,西
2025-12-14-02-01,北西
2025-12-14-02-02,北西
2025-12-14-02-03,北西
2025-12-14-02-04,北西
2025-12-14-02-05,北西
2025-12-14-03-01,北
2025-12-14-03-02,北西
2025-12-14-03-03,北西
2025-12-14-03-04,北西
2025-12-14-03-05,北
2025-12-14-03-06,北西
2025-12-14-03-07,北西
2025-12-14-03-08,北西
2025-12-14-03-09,北西
2025-12-14-03-10,北西
2025-12-14-03-11,北西
2025-12-14-03-12,北西
2025-12-14-05-01,西
2025-12-14-05-02,北西
2025-12-14-05-03,北西
2025-12-14-05-04,西
2025-12-14-05-05,北西
2025-12-14-05-06,北西
2025-12-14-05-10,東
2025-12-14-05-12,東
2025-12-14-06-01,北
2025-12-14-06-02,北
2025-12-14-06-03,北
2025-12-14-06-04,北
2025-12-14-06-05,北
2025-12-14-06-06,北
2025-12-14-06-07,北
2025-12-14-06-08,北
2025-12-14-06-09,北
2025-12-14-06-10,北
2025-12-14-06-11,北
2025-12-14-06-12,北
2025-12-14-07-01,北西
2025-12-14-07-02,北西
2025-12-14-07-03,北西
2025-12-14-07-04,北西
2025-12-14-07-05,北西
2025-12-14-07-06,北西
2025-12-14-07-07,北西
2025-12-14-07-08,北西
2025-12-14-07-09,北西
2025-12-14-07-10,北西
2025-12-14-07-11,北西
2025-12-14-07-12,北西
2025-12-14-08-01,北西
2025-12-14-08-02,南西
2025-12-14-08-03,南西
2025-12-14-08-04,北西
2025-12-14-08-05,北西
2025-12-14-08-06,北西
2025-12-14-08-07,北西
2025-12-14-08-08,北西
2025-12-14-08-09,北西
2025-12-14-08-10,西
2025-12-14-08-11,西
2025-12-14-08-12,西
2025-12-14-10-01,西
2025-12-14-10-02,西
2025-12-14-10-03,西
2025-12-14-10-04,西
2025-12-14-10-05,西
2025-12-14-10-06,北西
2025-12-14-10-07,西
2025-12-14-10-08,西
2025-12-14-10-09,西
2025-12-14-10-10,西
2025-12-14-10-11,西
2025-12-14-10-12,西
2025-12-14-11-01,南西
2025-12-14-11-02,南
2025-12-14-11-03,南
2025-12-14-11-04,南
2025-12-14-11-05,南
2025-12-14-11-06,南
2025-12-14-11-07,西
2025-12-14-11-08,西
2025-12-14-11-09,北
2025-12-14-11-10,北西
2025-12-14-11-11,北西
2025-12-14-11-12,北西
2025-12-14-15-01,北西
2025-12-14-15-02,北西
2025-12-14-15-03,北西
2025-12-14-15-04,北西
2025-12-14-15-05,北西
2025-12-14-15-06,北西
2025-12-14-15-07,北西
2025-12-14-15-08,北西
2025-12-14-15-09,北西
2025-12-14-15-10,北西
2025-12-14-15-11,北西
2025-12-14-15-12,北西
2025-12-14-17-01,北
2025-12-14-17-02,南西
2025-12-14-17-03,南西
2025-12-14-17-04,南西
2025-12-14-17-05,南西
2025-12-14-17-06,南西
2025-12-14-17-07,南西
2025-12-14-17-08,南西
2025-12-14-17-09,南西
2025-12-14-17-10,西
2025-12-14-17-11,西
2025-12-14-17-12,南西
2025-12-14-18-01,南西
2025-12-14-18-02,北東
2025-12-14-18-03,南西
2025-12-14-18-04,北東
2025-12-14-18-05,東
2025-12-14-18-06,北東
2025-12-14-18-07,北東
2025-12-14-18-08,北東
2025-12-14-18-09,南西
2025-12-14-18-10,北東
2025-12-14-18-11,南
2025-12-14-18-12,東
2025-12-14-23-01,北
2025-12-14-23-02,北
2025-12-14-23-03,北西
2025-12-14-23-04,北
2025-12-14-23-05,北
2025-12-14-23-06,北
2025-12-14-23-07,北西
2025-12-14-23-08,北
2025-12-14-23-09,北
2025-12-14-23-10,北
2025-12-14-23-12,北西
2025-12-14-24-01,北西
2025-12-14-24-02,北西
2025-12-14-24-03,北西
2025-12-14-24-04,北西
2025-12-14-24-05,北西
2025-12-14-24-06,北
2025-12-14-24-07,北
2025-12-14-24-08,北西
2025-12-14-24-09,北西
2025-12-14-24-10,北
2025-12-14-24-11,北
2025-12-14-24-12,北
2025-12-15-01-01,西
2025-12-15-01-02,西
2025-12-15-01-03,西
2025-12-15-01-04,西
2025-12-15-01-05,西
2025-12-15-01-06,西
2025-12-15-01-07,西
2025-12-15-01-08,西
2025-12-15-01-09,西
2025-12-15-01-10,西
2025-12-15-01-11,西
2025-12-15-01-12,西
2025-12-15-02-01,北西
2025-12-15-02-02,北西
2025-12-15-02-03,北西
2025-12-15-02-04,北西
2025-12-15-02-05,北西
2025-12-15-02-06,北西
2025-12-15-02-07,北
2025-12-15-02-08,北
2025-12-15-02-09,北西
2025-12-15-02-10,北西
2025-12-15-02-11,北
2025-12-15-02-12,北西
2025-12-15-06-01,北西
2025-12-15-06-02,北西
2025-12-15-06-03,西
2025-12-15-06-04,西
2025-12-15-06-05,北西
2025-12-15-06-06,北西
2025-12-15-06-07,北西
2025-12-15-06-08,北西
2025-12-15-06-09,北西
2025-12-15-06-10,北西
2025-12-15-06-11,北西
2025-12-15-06-12,北西
2025-12-15-07-01,北西
2025-12-15-07-02,北西
2025-12-15-07-03,北西
2025-12-15-07-04,北西
2025-12-15-07-05,北西
2025-12-15-07-06,北西
2025-12-15-07-07,北西
2025-12-15-07-08,北西
2025-12-15-07-09,北西
2025-12-15-07-10,北
2025-12-15-07-11,北
2025-12-15-07-12,北東
2025-12-15-08-01,西
2025-12-15-08-02,西
2025-12-15-08-03,西
2025-12-15-08-04,南
2025-12-15-08-05,南
2025-12-15-08-06,南
2025-12-15-08-07,南
2025-12-15-08-08,南
2025-12-15-08-09,南
2025-12-15-08-10,南
2025-12-15-08-11,南
2025-12-15-08-12,南
2025-12-15-09-01,北西
2025-12-15-09-02,北西
2025-12-15-09-03,西
2025-12-15-09-04,西
2025-12-15-09-05,北西
2025-12-15-09-06,北西
2025-12-15-09-07,北西
2025-12-15-09-08,北
2025-12-15-09-09,北西
2025-12-15-09-10,北西
2025-12-15-09-11,北西
2025-12-15-09-12,北西
2025-12-15-10-01,北西
2025-12-15-10-02,北西
2025-12-15-10-03,北西
2025-12-15-10-04,北西
2025-12-15-10-05,北西
2025-12-15-10-06,北西
2025-12-15-10-07,北西
2025-12-15-10-08,北西
2025-12-15-10-09,北西
2025-12-15-10-10,北西
2025-12-15-10-11,北西
2025-12-15-10-12,北西
2025-12-15-11-01,南
2025-12-15-11-02,北西
2025-12-15-11-03,南西
2025-12-15-11-04,西
2025-12-15-11-05,北
2025-12-15-11-06,北西
2025-12-15-11-07,北西
2025-12-15-11-08,北西
2025-12-15-11-09,北西
2025-12-15-11-10,北西
2025-12-15-11-11,北西
2025-12-15-11-12,西
2025-12-15-15-01,南西
2025-12-15-15-02,南西
2025-12-15-15-03,西
2025-12-15-15-04,西
2025-12-15-15-05,南西
2025-12-15-15-06,西
2025-12-15-15-07,西
2025-12-15-15-08,西
2025-12-15-15-09,西
2025-12-15-15-10,西
2025-12-15-15-11,北西
2025-12-15-15-12,北西
2025-12-15-17-02,西
2025-12-15-17-03,西
2025-12-15-17-04,西
2025-12-15-17-05,西
2025-12-15-17-06,西
2025-12-15-17-07,西
2025-12-15-17-08,西
2025-12-15-17-09,西
2025-12-15-17-10,西
2025-12-15-17-11,西
2025-12-15-17-12,北西
2025-12-15-18-01,東
2025-12-15-18-02,東
2025-12-15-18-03,北東
2025-12-15-18-04,東
2025-12-15-18-05,東
2025-12-15-18-06,北東
2025-12-15-18-07,西
2025-12-15-18-08,北
2025-12-15-18-09,北東
2025-12-15-18-10,北
2025-12-15-18-11,南西
2025-12-15-18-12,南西
2025-12-15-22-01,北西
2025-12-15-22-02,北西
2025-12-15-22-03,北西
2025-12-15-22-04,北西
2025-12-15-22-05,北西
2025-12-15-22-06,北西
2025-12-15-22-07,北西
2025-12-15-22-08,北西
2025-12-15-22-09,北
2025-12-15-22-10,北
2025-12-15-22-11,北
2025-12-15-22-12,北
2025-12-15-23-01,北西
2025-12-15-23-02,北西
2025-12-15-23-03,北西
2025-12-15-23-04,北
2025-12-15-23-05,北
2025-12-15-23-06,北
2025-12-15-23-07,北
2025-12-15-23-08,北
2025-12-15-23-09,北
2025-12-15-23-10,北
2025-12-15-23-11,北
2025-12-15-23-12,北
2025-12-15-24-01,北西
2025-12-15-24-02,北西
2025-12-15-24-03,北西
2025-12-15-24-04,北西
2025-12-15-24-05,北西
2025-12-15-24-06,南
2025-12-15-24-07,南東
2025-12-15-24-08,南東
2025-12-15-24-09,東
2025-12-15-24-10,北東
2025-12-15-24-11,南東
2025-12-15-24-12,南東
2025-12-16-01-01,東
2025-12-16-01-02,南東
2025-12-16-01-03,南東
2025-12-16-01-05,北東
2025-12-16-01-06,西
2025-12-16-01-07,西
2025-12-16-01-08,西
2025-12-16-01-09,西
2025-12-16-01-10,西
2025-12-16-01-11,西
2025-12-16-08-01,南西
2025-12-16-08-02,南西
2025-12-16-08-03,南西
2025-12-16-08-04,南西
2025-12-16-08-05,南西
2025-12-16-08-06,南西
2025-12-16-08-07,南西
2025-12-16-08-08,南西
2025-12-16-08-09,南西
2025-12-16-08-10,南西
2025-12-16-08-11,南西
2025-12-16-08-12,南西
2025-12-16-09-01,北西
2025-12-16-09-02,北西
2025-12-16-09-03,北西
2025-12-16-09-04,北西
2025-12-16-09-05,北西
2025-12-16-09-06,北西
2025-12-16-09-07,北西
2025-12-16-09-08,北西
2025-12-16-09-09,北西
2025-12-16-09-10,北西
2025-12-16-09-11,北西
2025-12-16-09-12,北西
2025-12-16-10-01,南東
2025-12-16-10-02,南東
2025-12-16-10-03,南東
2025-12-16-10-04,南東
2025-12-16-10-05,南東
2025-12-16-10-06,南東
2025-12-16-10-07,南東
2025-12-16-10-08,南東
2025-12-16-10-09,南東
2025-12-16-10-10,南西
2025-12-16-10-12,南東
2025-12-16-11-01,南西
2025-12-16-11-02,南西
2025-12-16-11-03,南西
2025-12-16-11-04,南西
2025-12-16-11-05,南
2025-12-16-11-06,南西
2025-12-16-11-07,南西
2025-12-16-11-08,南西
2025-12-16-11-09,南西
2025-12-16-11-10,南西
2025-12-16-11-11,南西
2025-12-16-11-12,南西
2025-12-16-12-01,南東
2025-12-16-12-02,南
2025-12-16-12-04,南東
2025-12-16-12-05,南
2025-12-16-12-06,南東
2025-12-16-12-11,南東
2025-12-16-18-01,北東
2025-12-16-18-02,北東
2025-12-16-18-03,東
2025-12-16-18-04,南東
2025-12-16-18-05,南東
2025-12-16-18-06,南
2025-12-16-18-07,南東
2025-12-16-18-08,南西
2025-12-16-18-09,南
2025-12-16-18-10,南西
2025-12-16-18-11,南西
2025-12-16-18-12,南西
2025-12-16-22-01,南
2025-12-16-22-02,南
2025-12-16-22-03,南
2025-12-16-22-04,北
2025-12-16-22-05,北
2025-12-16-22-06,北
2025-12-16-22-07,北
2025-12-16-22-08,北東
2025-12-16-22-09,北東
2025-12-16-22-10,北
2025-12-16-22-11,北
2025-12-16-22-12,北
2025-12-16-23-01,南
2025-12-16-23-02,南
2025-12-16-23-03,南
2025-12-16-23-04,南
2025-12-16-23-05,南
2025-12-16-23-06,南西
2025-12-16-23-07,南西
2025-12-16-23-08,南西
2025-12-16-23-09,南西
2025-12-16-23-11,北
2025-12-16-23-12,北東
2025-12-16-24-01,南東
2025-12-16-24-02,東
2025-12-16-24-03,東
2025-12-16-24-04,南東
2025-12-16-24-05,南東
2025-12-16-24-06,南東
2025-12-16-24-07,南東
2025-12-16-24-08,南東
2025-12-16-24-09,南
2025-12-16-24-10,南東
2025-12-16-24-11,南東
2025-12-16-24-12,東
2025-12-17-01-01,北
2025-12-17-01-02,北
2025-12-17-01-04,北
2025-12-17-01-05,北西
2025-12-17-01-08,西
2025-12-17-01-10,北西
2025-12-17-01-11,北西
2025-12-17-03-01,東
2025-12-17-03-02,南西
2025-12-17-03-03,東
2025-12-17-03-04,東
2025-12-17-03-05,南東
2025-12-17-03-06,南東
2025-12-17-03-07,南東
2025-12-17-03-08,南東
2025-12-17-03-09,南東
2025-12-17-03-10,南
2025-12-17-03-11,南
2025-12-17-03-12,南
2025-12-17-05-01,東
2025-12-17-05-02,南
2025-12-17-05-03,東
2025-12-17-05-04,東
2025-12-17-05-05,南
2025-12-17-05-06,南
2025-12-17-05-07,南
2025-12-17-05-08,東
2025-12-17-05-09,南東
2025-12-17-05-10,南東
2025-12-17-05-11,南
2025-12-17-05-12,南
2025-12-17-08-01,東
2025-12-17-08-02,南東
2025-12-17-08-03,南
2025-12-17-08-04,南
2025-12-17-08-05,南
2025-12-17-08-06,南
2025-12-17-08-07,南
2025-12-17-08-08,南
2025-12-17-08-09,南
2025-12-17-08-10,南
2025-12-17-08-11,南
2025-12-17-08-12,南
2025-12-17-09-01,東
2025-12-17-09-02,東
2025-12-17-09-03,東
2025-12-17-09-04,東
2025-12-17-09-05,東
2025-12-17-09-06,東
2025-12-17-09-07,東
2025-12-17-09-08,東
2025-12-17-09-09,東
2025-12-17-09-12,西
2025-12-17-10-01,南東
2025-12-17-10-02,南東
2025-12-17-10-03,南東
2025-12-17-10-04,南東
2025-12-17-10-05,南東
2025-12-17-10-06,南東
2025-12-17-10-07,南東
2025-12-17-10-08,南東
2025-12-17-10-09,南東
2025-12-17-10-10,南東
2025-12-17-10-11,南東
2025-12-17-10-12,南東
2025-12-17-11-01,南西
2025-12-17-11-02,南西
2025-12-17-11-03,南西
2025-12-17-11-04,南
2025-12-17-11-05,南
2025-12-17-11-06,南西
2025-12-17-11-07,南西
2025-12-17-11-08,南西
2025-12-17-11-11,北西
2025-12-17-11-12,北東
2025-12-17-12-04,北
2025-12-17-12-05,北
2025-12-17-12-06,北東
2025-12-17-12-08,南
2025-12-17-12-09,南
2025-12-17-12-11,北
2025-12-17-16-01,南
2025-12-17-16-02,北
2025-12-17-16-03,北
2025-12-17-16-04,北東
2025-12-17-16-07,北
2025-12-17-16-08,北西
2025-12-17-16-09,北
2025-12-17-16-10,北東
2025-12-17-16-11,北西
2025-12-17-16-12,南東
2025-12-17-18-01,北東
2025-12-17-18-02,北東
2025-12-17-18-03,北東
2025-12-17-18-04,東
2025-12-17-18-05,東
2025-12-17-18-06,北
2025-12-17-18-07,北
2025-12-17-18-08,西
2025-12-17-18-09,北
2025-12-17-18-10,北東
2025-12-17-18-11,東
2025-12-17-18-12,西
2025-12-17-22-01,南
2025-12-17-22-02,南
2025-12-17-22-03,南
2025-12-17-22-04,南西
2025-12-17-22-05,北西
2025-12-17-22-06,北西
2025-12-17-22-07,北西
2025-12-17-22-08,北西
2025-12-17-22-09,北西
2025-12-17-22-10,北西
2025-12-17-22-11,北西
2025-12-17-22-12,北西
2025-12-17-23-01,南西
2025-12-17-23-02,南西
2025-12-17-23-03,南西
2025-12-17-23-04,南西
2025-12-17-23-05,西
2025-12-17-23-06,南
2025-12-17-23-07,南西
2025-12-17-23-09,北西
2025-12-17-23-10,北西
2025-12-17-23-11,北
2025-12-17-23-12,北西
2025-12-17-24-01,北西
2025-12-17-24-02,北西
2025-12-17-24-03,北西
2025-12-17-24-04,北西
2025-12-17-24-05,北西
2025-12-17-24-06,北西
2025-12-17-24-07,北西
2025-12-17-24-08,北西
2025-12-17-24-09,北西
2025-12-17-24-10,北
2025-12-17-24-11,北
2025-12-17-24-12,北
2025-12-18-03-01,北
2025-12-18-03-02,北
2025-12-18-03-03,北
2025-12-18-03-04,北
2025-12-18-03-05,北
2025-12-18-03-06,北
2025-12-18-03-07,北
2025-12-18-03-08,北
2025-12-18-03-09,北
2025-12-18-03-10,北
2025-12-18-03-11,北
2025-12-18-03-12,北
2025-12-18-05-01,北
2025-12-18-05-02,西
2025-12-18-05-03,東
2025-12-18-05-04,北東
2025-12-18-05-05,北
2025-12-18-05-06,南
2025-12-18-05-07,東
2025-12-18-05-08,北
2025-12-18-05-09,北
2025-12-18-05-10,北東
2025-12-18-05-11,北東
2025-12-18-05-12,東
2025-12-18-08-01,南西
2025-12-18-08-02,南西
2025-12-18-08-03,南西
2025-12-18-08-04,南西
2025-12-18-08-05,南
2025-12-18-08-06,南西
2025-12-18-08-07,南
2025-12-18-08-08,南
2025-12-18-08-09,南
2025-12-18-08-10,南
2025-12-18-08-11,南
2025-12-18-08-12,南西
2025-12-18-09-01,北西
2025-12-18-09-02,北西
2025-12-18-09-03,北西
2025-12-18-09-04,北西
2025-12-18-09-05,北西
2025-12-18-09-06,北西
2025-12-18-09-07,北西
2025-12-18-09-08,北西
2025-12-18-09-09,北西
2025-12-18-09-10,北西
2025-12-18-09-11,北西
2025-12-18-09-12,北西
2025-12-18-11-01,北東
2025-12-18-11-02,北東
2025-12-18-11-03,北東
2025-12-18-11-04,北東
2025-12-18-11-05,北東
2025-12-18-11-06,北東
2025-12-18-11-07,北東
2025-12-18-11-08,東
2025-12-18-11-09,東
2025-12-18-11-11,北東
2025-12-18-11-12,北
2025-12-18-12-01,北東
2025-12-18-12-02,北
2025-12-18-12-03,北
2025-12-18-12-04,北
2025-12-18-12-06,北
2025-12-18-12-08,北東
2025-12-18-12-10,北
2025-12-18-16-01,北東
2025-12-18-16-02,北東
2025-12-18-16-03,南東
2025-12-18-16-04,南東
2025-12-18-16-05,南東
2025-12-18-16-06,南東
2025-12-18-16-07,南東
2025-12-18-16-08,南東
2025-12-18-16-09,南東
2025-12-18-16-10,南東
2025-12-18-16-11,南東
2025-12-18-16-12,南東
2025-12-18-18-01,北東
2025-12-18-18-02,北東
2025-12-18-18-03,北東
2025-12-18-18-04,北東
2025-12-18-18-05,東
2025-12-18-18-06,南
2025-12-18-18-07,南西
2025-12-18-18-08,南西
2025-12-18-18-09,南
2025-12-18-18-10,南西
2025-12-18-18-11,西
2025-12-18-18-12,南西
2025-12-18-19-01,南
2025-12-18-19-02,南
2025-12-18-19-03,南東
2025-12-18-19-04,北東
2025-12-18-19-05,北
2025-12-18-19-06,北
2025-12-18-19-07,北西
2025-12-18-19-08,北東
2025-12-18-19-09,北東
2025-12-18-19-10,北東
2025-12-18-19-11,東
2025-12-18-19-12,南東
2025-12-18-21-01,南西
2025-12-18-21-02,南西
2025-12-18-21-03,南西
2025-12-18-21-04,南西
2025-12-18-21-05,南
2025-12-18-21-06,南
2025-12-18-21-07,南
2025-12-18-21-08,南
2025-12-18-21-09,南
2025-12-18-21-10,南
2025-12-18-21-11,南
2025-12-18-21-12,西
2025-12-18-22-01,南
2025-12-18-22-02,南
2025-12-18-22-03,南
2025-12-18-22-04,南
2025-12-18-22-05,南
2025-12-18-22-06,南
2025-12-18-22-07,西
2025-12-18-22-08,北西
2025-12-18-22-09,北西
2025-12-18-22-10,北西
2025-12-18-22-11,北西
2025-12-18-22-12,北西
2025-12-18-24-01,西
2025-12-18-24-02,西
2025-12-18-24-03,南
2025-12-18-24-04,南
2025-12-18-24-06,南東
2025-12-18-24-07,南東
2025-12-18-24-08,南東
2025-12-18-24-09,東
2025-12-18-24-11,南東
2025-12-18-24-12,南東
2025-12-19-02-08,東
2025-12-19-02-09,東
2025-12-19-02-10,東
2025-12-19-02-11,東
2025-12-19-02-12,東
2025-12-19-03-01,北
2025-12-19-03-02,北
2025-12-19-03-03,北東
2025-12-19-03-04,北東
2025-12-19-03-05,北東
2025-12-19-03-06,北東
2025-12-19-03-07,東
2025-12-19-03-08,東
2025-12-19-03-09,北東
2025-12-19-03-10,東
2025-12-19-03-11,北東
2025-12-19-03-12,北東
2025-12-19-05-01,北西
2025-12-19-05-02,北西
2025-12-19-05-03,北
2025-12-19-05-04,北
2025-12-19-05-05,東
2025-12-19-05-06,東
2025-12-19-05-07,東
2025-12-19-05-08,南東
2025-12-19-05-09,南
2025-12-19-05-10,南東
2025-12-19-05-11,東
2025-12-19-05-12,東
2025-12-19-06-01,北
2025-12-19-06-02,北
2025-12-19-06-06,南
2025-12-19-06-07,南
2025-12-19-06-08,南
2025-12-19-06-09,南
2025-12-19-06-10,南
2025-12-19-06-11,南
2025-12-19-06-12,南
2025-12-19-11-11,南西
2025-12-19-12-01,北
2025-12-19-12-02,北
2025-12-19-14-01,南東
2025-12-19-14-02,南東
2025-12-19-14-04,南東
2025-12-19-14-05,南東
2025-12-19-14-06,南東
2025-12-19-14-07,南東
2025-12-19-14-08,南東
2025-12-19-14-09,南
2025-12-19-14-10,南東
2025-12-19-14-11,南東
2025-12-19-14-12,東
2025-12-19-16-01,南東
2025-12-19-16-02,北東
2025-12-19-16-03,北西
2025-12-19-16-04,南東
2025-12-19-16-05,北西
2025-12-19-16-06,南東
2025-12-19-16-07,南東
2025-12-19-16-08,北西
2025-12-19-16-09,南東
2025-12-19-16-10,南東
2025-12-19-16-11,北東
2025-12-19-16-12,北東
2025-12-19-19-01,南東
2025-12-19-19-02,南東
2025-12-19-19-03,南東
2025-12-19-19-04,東
2025-12-19-19-05,東
2025-12-19-19-06,東
2025-12-19-19-07,東
2025-12-19-19-08,東
2025-12-19-19-09,北
2025-12-19-19-10,東
2025-12-19-19-11,北東
2025-12-19-19-12,東
2025-12-19-21-01,東
2025-12-19-21-02,東
2025-12-19-21-03,南
2025-12-19-21-04,東
2025-12-19-21-05,東
2025-12-19-21-06,東
2025-12-19-21-07,東
2025-12-19-21-08,東
2025-12-19-21-09,東
2025-12-19-21-10,東
2025-12-19-21-11,東
2025-12-19-21-12,東
2025-12-19-22-01,南東
2025-12-19-22-02,南東
2025-12-19-22-03,南
2025-12-19-22-04,南
2025-12-19-22-05,南
2025-12-19-22-06,南
2025-12-19-22-07,南
2025-12-19-22-08,南
2025-12-19-22-09,南
2025-12-19-22-10,南
2025-12-19-22-11,南
2025-12-19-22-12,南
2025-12-19-24-01,南東
2025-12-19-24-02,東
2025-12-19-24-03,南東
2025-12-19-24-04,東
2025-12-19-24-05,南東
2025-12-19-24-06,南東
2025-12-19-24-07,南
2025-12-19-24-08,南
2025-12-19-24-09,南
2025-12-19-24-11,南
2025-12-20-03-01,北
2025-12-20-03-02,北
2025-12-20-03-03,北
2025-12-20-03-04,北
2025-12-20-03-05,北
2025-12-20-03-06,北東
2025-12-20-03-07,北東
2025-12-20-03-08,北東
2025-12-20-03-09,北東
2025-12-20-03-10,東
2025-12-20-03-11,東
2025-12-20-03-12,北東
2025-12-20-05-01,東
2025-12-20-05-02,東
2025-12-20-05-03,北
2025-12-20-05-04,東
2025-12-20-05-05,西
2025-12-20-05-06,北東
2025-12-20-05-07,南東
2025-12-20-05-08,東
2025-12-20-05-09,南
2025-12-20-05-10,北西
2025-12-20-05-11,東
2025-12-20-05-12,北東
2025-12-20-06-01,北東
2025-12-20-06-02,北東
2025-12-20-06-03,北東
2025-12-20-06-04,北東
2025-12-20-06-05,北東
2025-12-20-06-06,北東
2025-12-20-06-07,北東
2025-12-20-06-08,東
2025-12-20-06-09,東
2025-12-20-06-10,北東
2025-12-20-06-11,東
2025-12-20-06-12,東
2025-12-20-12-02,北
2025-12-20-12-03,北東
2025-12-20-12-04,北
2025-12-20-14-01,南東
2025-12-20-14-02,東
2025-12-20-14-03,東
2025-12-20-14-04,南東
2025-12-20-14-06,東
2025-12-20-14-07,南東
2025-12-20-14-08,東
2025-12-20-14-09,南東
2025-12-20-14-10,南東
2025-12-20-14-11,東
2025-12-20-14-12,東
2025-12-20-16-03,南西
2025-12-20-16-04,南東
2025-12-20-16-05,南東
2025-12-20-16-06,南西
2025-12-20-16-07,南東
2025-12-20-16-08,南東
2025-12-20-16-09,南東
2025-12-20-16-10,南
2025-12-20-16-11,南東
2025-12-20-16-12,南
2025-12-20-17-01,北西
2025-12-20-17-05,北東
2025-12-20-17-06,北東
2025-12-20-17-07,北東
2025-12-20-17-09,北東
2025-12-20-17-10,北東
2025-12-20-19-01,南
2025-12-20-19-02,南
2025-12-20-19-03,南
2025-12-20-19-04,南東
2025-12-20-19-05,東
2025-12-20-19-06,東
2025-12-20-19-07,東
2025-12-20-19-08,東
2025-12-20-19-09,北
2025-12-20-19-10,北
2025-12-20-19-11,東
2025-12-20-19-12,東
2025-12-20-20-01,北東
2025-12-20-20-02,北東
2025-12-20-20-03,北東
2025-12-20-20-04,北東
2025-12-20-20-05,北東
2025-12-20-20-06,北東
2025-12-20-20-07,北東
2025-12-20-20-08,北東
2025-12-20-20-09,北東
2025-12-20-20-10,北東
2025-12-20-20-11,北東
2025-12-20-20-12,北東
2025-12-20-21-01,東
2025-12-20-21-02,東
2025-12-20-21-03,東
2025-12-20-21-04,東
2025-12-20-21-05,東
2025-12-20-21-06,南
2025-12-20-21-07,東
2025-12-20-21-08,東
2025-12-20-21-09,南
2025-12-20-21-10,南
2025-12-20-21-11,東
2025-12-20-21-12,南
2025-12-20-22-01,南
2025-12-20-22-02,南
2025-12-20-22-03,南
2025-12-20-22-04,南
2025-12-20-22-05,南
2025-12-20-22-06,南
2025-12-20-22-07,南
2025-12-20-22-08,南
2025-12-20-22-09,南
2025-12-20-22-10,南
2025-12-20-22-11,南
2025-12-20-22-12,南
2025-12-20-23-01,南
2025-12-20-23-02,南
2025-12-20-23-03,南
2025-12-20-23-04,南
2025-12-20-23-05,南
2025-12-20-23-06,南
2025-12-20-23-07,南西
2025-12-20-23-08,南西
2025-12-20-23-09,南西
2025-12-20-23-10,南西
2025-12-20-23-11,南西
2025-12-20-23-12,南
2025-12-21-02-02,北西
2025-12-21-02-03,北西
2025-12-21-02-05,北西
2025-12-21-03-01,南
2025-12-21-03-02,南
2025-12-21-03-03,南
2025-12-21-03-04,南
2025-12-21-03-05,南
2025-12-21-03-06,南
2025-12-21-03-07,南
2025-12-21-03-08,南
2025-12-21-03-09,南
2025-12-21-03-10,南
2025-12-21-03-11,南
2025-12-21-03-12,南
2025-12-21-05-01,北
2025-12-21-05-02,西
2025-12-21-05-03,北西
2025-12-21-05-04,北
2025-12-21-05-06,北西
2025-12-21-05-08,北
2025-12-21-05-10,北西
2025-12-21-06-01,北東
2025-12-21-06-02,北東
2025-12-21-06-03,北東
2025-12-21-06-04,北
2025-12-21-06-05,北
2025-12-21-06-06,北
2025-12-21-06-07,北東
2025-12-21-06-08,北
2025-12-21-06-09,北
2025-12-21-06-10,北
2025-12-21-06-12,南
2025-12-21-08-01,南
2025-12-21-08-02,南
2025-12-21-08-03,南
2025-12-21-08-04,南
2025-12-21-08-05,南
2025-12-21-08-06,南
2025-12-21-08-07,南
2025-12-21-08-08,南
2025-12-21-08-09,北
2025-12-21-08-11,南
2025-12-21-08-12,南
2025-12-21-12-01,北
2025-12-21-12-02,北
2025-12-21-12-03,北
2025-12-21-12-04,北
2025-12-21-12-05,北
2025-12-21-12-06,北
2025-12-21-12-07,北
2025-12-21-12-08,北
2025-12-21-12-09,北
2025-12-21-12-12,北
2025-12-21-14-01,南東
2025-12-21-14-02,東
2025-12-21-14-04,南東
2025-12-21-14-06,北西
2025-12-21-14-07,北西
2025-12-21-14-08,北西
2025-12-21-14-09,北西
2025-12-21-14-10,北西
2025-12-21-14-11,北西
2025-12-21-14-12,北西
2025-12-21-17-01,北東
2025-12-21-17-02,北
2025-12-21-17-03,北東
2025-12-21-17-04,北東
2025-12-21-17-05,北
2025-12-21-17-06,北東
2025-12-21-17-07,北東
2025-12-21-17-08,北東
2025-12-21-17-09,北東
2025-12-21-17-10,北
2025-12-21-17-11,北西
2025-12-21-19-01,北
2025-12-21-19-02,北
2025-12-21-19-03,北西
2025-12-21-19-04,北
2025-12-21-19-05,北
2025-12-21-19-06,北
2025-12-21-19-07,北
2025-12-21-19-08,北
2025-12-21-19-09,北
2025-12-21-19-10,北
2025-12-21-19-11,北
2025-12-21-19-12,北
2025-12-21-20-01,北
2025-12-21-20-02,北
2025-12-21-20-03,北西
2025-12-21-20-04,北
2025-12-21-20-05,北
2025-12-21-20-06,北東
2025-12-21-20-07,北
2025-12-21-20-08,北
2025-12-21-20-09,北
2025-12-21-20-10,北東
2025-12-21-20-11,北
2025-12-21-20-12,北東
2025-12-21-21-01,北
2025-12-21-21-02,北
2025-12-21-21-03,北
2025-12-21-21-04,北
2025-12-21-21-05,北
2025-12-21-21-06,北
2025-12-21-21-07,北
2025-12-21-21-08,北
2025-12-21-21-09,北西
2025-12-21-21-10,北西
2025-12-21-21-11,北
2025-12-21-21-12,北
2025-12-21-23-01,北
2025-12-21-23-03,北
2025-12-21-23-04,北
2025-12-21-23-05,北
2025-12-21-23-06,北
2025-12-21-23-07,北
2025-12-21-23-08,北
2025-12-21-23-09,北
2025-12-21-23-10,北
2025-12-21-23-11,北
2025-12-21-23-12,北
2025-12-22-02-01,北
2025-12-22-02-02,北西
2025-12-22-02-03,北
2025-12-22-02-04,北
2025-12-22-02-05,北
2025-12-22-02-06,北
2025-12-22-02-07,北西
2025-12-22-02-08,北西
2025-12-22-02-09,北
2025-12-22-02-10,北西
2025-12-22-02-11,北西
2025-12-22-02-12,北西
2025-12-22-06-01,北西
2025-12-22-06-02,北西
2025-12-22-06-03,北西
2025-12-22-06-04,北西
2025-12-22-06-05,北西
2025-12-22-06-06,北西
2025-12-22-06-07,北西
2025-12-22-06-08,北西
2025-12-22-06-09,北西
2025-12-22-06-10,北西
2025-12-22-06-11,北
2025-12-22-06-12,北西
2025-12-22-07-02,北西
2025-12-22-07-03,北西
2025-12-22-07-04,西
2025-12-22-07-05,北西
2025-12-22-07-06,北西
2025-12-22-07-10,北西
2025-12-22-07-11,北西
2025-12-22-08-01,北東
2025-12-22-08-05,北西
2025-12-22-08-07,北
2025-12-22-08-08,北
2025-12-22-08-09,北
2025-12-22-08-10,北西
2025-12-22-08-11,北西
2025-12-22-08-12,北西
2025-12-22-09-02,西
2025-12-22-09-03,北西
2025-12-22-09-04,北西
2025-12-22-09-05,北西
2025-12-22-09-06,北西
2025-12-22-09-07,北西
2025-12-22-09-08,北西
2025-12-22-09-09,北西
2025-12-22-09-12,北西
2025-12-22-14-01,北西
2025-12-22-14-02,北西
2025-12-22-14-03,北
2025-12-22-14-04,北西
2025-12-22-14-05,北西
2025-12-22-14-06,北西
2025-12-22-14-07,北
2025-12-22-14-08,北
2025-12-22-14-09,北
2025-12-22-14-10,北
2025-12-22-14-11,北
2025-12-22-14-12,北
2025-12-22-15-01,北東
2025-12-22-15-02,北東
2025-12-22-15-03,北東
2025-12-22-15-04,北東
2025-12-22-15-05,北東
2025-12-22-15-06,北東
2025-12-22-15-07,北東
2025-12-22-15-08,北東
2025-12-22-15-09,北東
2025-12-22-15-10,北東
2025-12-22-15-11,北東
2025-12-22-15-12,北東
2025-12-22-16-01,北東
2025-12-22-16-02,北東
2025-12-22-16-03,北
2025-12-22-16-04,南東
2025-12-22-16-05,北東
2025-12-22-16-06,北東
2025-12-22-16-07,北東
2025-12-22-16-08,北東
2025-12-22-16-09,北東
2025-12-22-16-10,北東
2025-12-22-16-11,北
2025-12-22-16-12,北東
2025-12-22-17-01,北東
2025-12-22-17-02,北東
2025-12-22-17-03,北東
2025-12-22-17-04,北東
2025-12-22-17-05,北東
2025-12-22-17-06,北東
2025-12-22-17-07,北東
2025-12-22-17-08,北東
2025-12-22-17-09,北東
2025-12-22-17-10,北東
2025-12-22-17-11,北東
2025-12-22-17-12,北東
2025-12-22-19-01,北東
2025-12-22-19-02,北
2025-12-22-19-03,北
2025-12-22-19-04,北東
2025-12-22-19-05,北東
2025-12-22-19-06,北東
2025-12-22-19-07,北東
2025-12-22-19-08,北
2025-12-22-19-09,北
2025-12-22-19-10,北東
2025-12-22-19-11,北東
2025-12-22-19-12,北東
2025-12-22-20-01,東
2025-12-22-20-02,北東
2025-12-22-20-03,北東
2025-12-22-20-04,北東
2025-12-22-20-05,北東
2025-12-22-20-06,北東
2025-12-22-20-07,北東
2025-12-22-20-08,北東
2025-12-22-20-09,北東
2025-12-22-20-10,北東
2025-12-22-20-11,北東
2025-12-22-20-12,北東
2025-12-22-21-01,東
2025-12-22-21-02,東
2025-12-22-21-03,東
2025-12-22-21-04,東
2025-12-22-21-05,北東
2025-12-22-21-06,北東
2025-12-22-21-07,北東
2025-12-22-21-08,北東
2025-12-22-21-09,北東
2025-12-22-21-10,北東
2025-12-22-21-11,北東
2025-12-22-21-12,北
2025-12-22-23-01,北東
2025-12-22-23-02,北東
2025-12-22-23-03,北東
2025-12-22-23-04,北東
2025-12-22-23-05,北東
2025-12-22-23-06,北東
2025-12-22-23-07,北東
2025-12-22-23-08,北東
2025-12-22-23-09,北東
2025-12-22-23-10,北東
2025-12-22-23-11,北東
2025-12-22-23-12,北東
2025-12-23-02-02,北
2025-12-23-02-04,北
2025-12-23-06-01,北東
2025-12-23-06-02,北東
2025-12-23-06-03,東
2025-12-23-06-04,東
2025-12-23-06-05,南
2025-12-23-06-06,東
2025-12-23-06-07,東
2025-12-23-06-08,東
2025-12-23-06-09,北東
2025-12-23-06-10,東
2025-12-23-06-11,東
2025-12-23-06-12,東
2025-12-23-07-01,南西
2025-12-23-07-02,南西
2025-12-23-07-03,南西
2025-12-23-07-04,南西
2025-12-23-07-05,南西
2025-12-23-07-06,南西
2025-12-23-07-07,北東
2025-12-23-07-08,北東
2025-12-23-07-09,北東
2025-12-23-07-10,北西
2025-12-23-07-11,北東
2025-12-23-07-12,北西
2025-12-23-08-01,北
2025-12-23-08-02,南西
2025-12-23-08-03,南西
2025-12-23-08-04,南西
2025-12-23-08-05,南西
2025-12-23-08-06,南西
2025-12-23-08-07,南西
2025-12-23-08-08,南西
2025-12-23-08-09,南西
2025-12-23-08-10,南西
2025-12-23-08-11,南西
2025-12-23-08-12,南西
2025-12-23-09-05,南東
2025-12-23-09-06,南東
2025-12-23-09-07,南東
2025-12-23-09-08,南東
2025-12-23-14-01,北西
2025-12-23-14-02,北東
2025-12-23-14-05,東
2025-12-23-14-07,北西
2025-12-23-14-08,北西
2025-12-23-14-09,北西
2025-12-23-14-10,北西
2025-12-23-14-11,北西
2025-12-23-15-01,北西
2025-12-23-15-02,北
2025-12-23-15-03,北
2025-12-23-15-04,北東
2025-12-23-15-05,東
2025-12-23-15-06,東
2025-12-23-15-07,南東
2025-12-23-15-08,南東
2025-12-23-15-09,南東
2025-12-23-15-10,南東
2025-12-23-15-11,南東
2025-12-23-15-12,東
2025-12-23-16-01,北東
2025-12-23-16-02,北
2025-12-23-16-03,南東
2025-12-23-16-04,南東
2025-12-23-16-05,南東
2025-12-23-16-06,南東
2025-12-23-16-07,南東
2025-12-23-16-08,北東
2025-12-23-16-09,南東
2025-12-23-16-10,南東
2025-12-23-16-11,南東
2025-12-23-16-12,南
2025-12-23-17-01,北東
2025-12-23-17-02,北東
2025-12-23-17-03,北東
2025-12-23-17-04,南東
2025-12-23-17-05,東
2025-12-23-17-06,南東
2025-12-23-17-07,東
2025-12-23-17-08,北東
2025-12-23-17-09,東
2025-12-23-17-10,南東
2025-12-23-17-11,南東
2025-12-23-19-01,南東
2025-12-23-19-02,東
2025-12-23-19-03,東
2025-12-23-19-04,東
2025-12-23-19-05,東
2025-12-23-19-06,東
2025-12-23-19-07,東
2025-12-23-19-08,北東
2025-12-23-19-09,北
2025-12-23-19-10,北東
2025-12-23-19-11,北東
2025-12-23-19-12,東
2025-12-23-20-01,東
2025-12-23-20-02,東
2025-12-23-20-03,東
2025-12-23-20-04,東
2025-12-23-20-05,東
2025-12-23-20-06,北東
2025-12-23-20-07,北東
2025-12-23-20-08,北東
2025-12-23-20-09,北東
2025-12-23-20-10,北東
2025-12-23-20-11,北東
2025-12-23-20-12,北東
2025-12-23-21-01,南
2025-12-23-21-02,東
2025-12-23-21-03,南
2025-12-23-21-04,南
2025-12-23-21-05,南
2025-12-23-21-06,南
2025-12-23-21-07,東
2025-12-23-21-08,東
2025-12-23-21-09,東
2025-12-23-21-10,南
2025-12-23-21-11,東
2025-12-23-21-12,東
2025-12-23-23-01,南
2025-12-23-23-02,南
2025-12-23-23-03,南
2025-12-23-23-05,北東
2025-12-23-23-06,北東
2025-12-23-23-07,南
2025-12-23-23-08,南
2025-12-23-23-09,南西
2025-12-23-23-10,南
2025-12-23-23-11,南
2025-12-23-23-12,南
2025-12-24-02-06,北西
2025-12-24-02-09,北西
2025-12-24-06-01,北
2025-12-24-06-02,北東
2025-12-24-06-03,北
2025-12-24-06-04,北
2025-12-24-06-05,北
2025-12-24-06-06,北東
2025-12-24-06-07,北
2025-12-24-06-08,北
2025-12-24-06-09,西
2025-12-24-06-10,北
2025-12-24-06-12,北
2025-12-24-07-01,北西
2025-12-24-07-02,北西
2025-12-24-07-03,北西
2025-12-24-07-04,北西
2025-12-24-07-05,北西
2025-12-24-07-06,北西
2025-12-24-07-07,北西
2025-12-24-07-08,北西
2025-12-24-07-09,北西
2025-12-24-07-10,北西
2025-12-24-07-11,北西
2025-12-24-07-12,北西
2025-12-24-08-01,北
2025-12-24-08-02,北
2025-12-24-08-03,北
2025-12-24-08-04,北
2025-12-24-08-05,北東
2025-12-24-08-06,北
2025-12-24-08-07,北
2025-12-24-08-08,北
2025-12-24-08-09,北
2025-12-24-08-10,北
2025-12-24-08-11,北
2025-12-24-08-12,北
2025-12-24-09-01,北西
2025-12-24-09-02,北西
2025-12-24-09-03,西
2025-12-24-09-04,北西
2025-12-24-09-05,北西
2025-12-24-09-06,北西
2025-12-24-09-07,北西
2025-12-24-09-08,北西
2025-12-24-10-01,南東
2025-12-24-10-02,南東
2025-12-24-10-03,南東
2025-12-24-10-04,南東
2025-12-24-10-05,南東
2025-12-24-10-06,南東
2025-12-24-10-07,南西
2025-12-24-10-08,西
2025-12-24-10-09,南東
2025-12-24-10-10,南東
2025-12-24-10-11,南東
2025-12-24-11-06,北東
2025-12-24-11-09,東
2025-12-24-11-10,北
2025-12-24-11-11,北東
2025-12-24-13-01,北
2025-12-24-13-02,東
2025-12-24-13-03,東
2025-12-24-13-04,東
2025-12-24-13-05,北東
2025-12-24-13-06,南東
2025-12-24-13-09,北東
2025-12-24-13-10,北東
2025-12-24-13-11,東
2025-12-24-13-12,北東
2025-12-24-14-01,北西
2025-12-24-14-02,北西
2025-12-24-14-04,北
2025-12-24-14-05,北西
2025-12-24-14-06,北西
2025-12-24-14-07,北西
2025-12-24-14-08,北西
2025-12-24-14-10,北西
2025-12-24-14-11,北西
2025-12-24-14-12,北西
2025-12-24-15-01,北
2025-12-24-15-02,北東
2025-12-24-15-03,北
2025-12-24-15-04,北
2025-12-24-15-05,北
2025-12-24-15-06,南東
2025-12-24-15-07,北
2025-12-24-15-08,北東
2025-12-24-15-09,東
2025-12-24-15-10,東
2025-12-24-15-11,北
2025-12-24-15-12,東
2025-12-24-16-01,北西
2025-12-24-16-02,北西
2025-12-24-16-03,北西
2025-12-24-16-05,北東
2025-12-24-16-06,北東
2025-12-24-16-07,北東
2025-12-24-16-08,北東
2025-12-24-16-09,北西
2025-12-24-16-10,北東
2025-12-24-16-11,北東
2025-12-24-16-12,北東
2025-12-24-17-01,北
2025-12-24-17-02,北
2025-12-24-17-03,北東
2025-12-24-17-04,南東
2025-12-24-17-07,北東
2025-12-24-17-08,北東
2025-12-24-17-09,北東
2025-12-24-17-11,北東
2025-12-24-17-12,東
2025-12-24-18-01,北
2025-12-24-18-02,北西
2025-12-24-18-03,北東
2025-12-24-18-04,北東
2025-12-24-18-05,北東
2025-12-24-18-06,東
2025-12-24-18-07,北東
2025-12-24-18-08,北東
2025-12-24-18-09,北
2025-12-24-18-10,北東
2025-12-24-18-11,南西
2025-12-24-18-12,東
2025-12-24-19-01,南
2025-12-24-19-02,西
2025-12-24-19-03,南西
2025-12-24-19-04,南西
2025-12-24-19-05,南西
2025-12-24-19-06,北東
2025-12-24-19-07,北
2025-12-24-19-08,北東
2025-12-24-19-09,東
2025-12-24-19-10,北東
2025-12-24-19-11,北東
2025-12-24-19-12,南西
2025-12-24-20-01,東
2025-12-24-20-02,東
2025-12-24-20-03,北東
2025-12-24-20-04,北東
2025-12-24-20-05,北東
2025-12-24-20-06,北東
2025-12-24-20-07,北東
2025-12-24-20-08,北東
2025-12-24-20-09,北東
2025-12-24-20-10,北東
2025-12-24-20-11,北東
2025-12-24-20-12,北東
2025-12-25-03-01,北
2025-12-25-03-02,北
2025-12-25-03-03,北
2025-12-25-03-04,北
2025-12-25-03-05,北
2025-12-25-03-06,北
2025-12-25-03-07,北
2025-12-25-03-08,東
2025-12-25-03-09,東
2025-12-25-03-10,北
2025-12-25-03-11,北
2025-12-25-03-12,北
2025-12-25-07-01,北西
2025-12-25-07-02,北西
2025-12-25-07-03,北西
2025-12-25-07-04,北西
2025-12-25-07-05,北西
2025-12-25-07-06,北西
2025-12-25-07-07,北西
2025-12-25-07-08,北西
2025-12-25-07-09,北西
2025-12-25-07-10,北西
2025-12-25-07-11,北西
2025-12-25-07-12,北西
2025-12-25-08-01,北西
2025-12-25-08-02,北西
2025-12-25-08-03,北西
2025-12-25-08-04,南西
2025-12-25-08-05,西
2025-12-25-08-06,北西
2025-12-25-08-07,西
2025-12-25-08-08,北西
2025-12-25-08-09,北西
2025-12-25-08-10,北西
2025-12-25-08-11,北西
2025-12-25-08-12,北西
2025-12-25-09-01,北西
2025-12-25-09-02,西
2025-12-25-09-03,北西
2025-12-25-09-04,北西
2025-12-25-09-05,北西
2025-12-25-09-06,北西
2025-12-25-09-07,北西
2025-12-25-09-08,北西
2025-12-25-09-09,北西
2025-12-25-09-10,北西
2025-12-25-09-11,北西
2025-12-25-09-12,北西
2025-12-25-10-01,北
2025-12-25-10-02,北
2025-12-25-10-03,北
2025-12-25-10-04,北
2025-12-25-10-05,北
2025-12-25-10-06,北
2025-12-25-10-07,北
2025-12-25-10-08,北
2025-12-25-10-09,北東
2025-12-25-10-10,北東
2025-12-25-10-11,北
2025-12-25-10-12,北東
2025-12-25-11-01,南
2025-12-25-11-02,南西
2025-12-25-11-03,南西
2025-12-25-11-04,南西
2025-12-25-11-05,南西
2025-12-25-11-06,南東
2025-12-25-11-07,南
2025-12-25-11-08,南西
2025-12-25-11-09,南西
2025-12-25-11-10,南
2025-12-25-11-11,南
2025-12-25-11-12,南
2025-12-25-12-02,南
2025-12-25-12-03,南東
2025-12-25-12-04,南
2025-12-25-12-06,南東
2025-12-25-12-07,北
2025-12-25-12-08,南
2025-12-25-12-10,南東
2025-12-25-12-11,南東
2025-12-25-13-07,南西
2025-12-25-13-08,西
2025-12-25-13-09,南西
2025-12-25-13-12,西
2025-12-25-15-01,西
2025-12-25-15-02,西
2025-12-25-15-03,西
2025-12-25-15-04,西
2025-12-25-15-05,西
2025-12-25-15-06,西
2025-12-25-15-07,西
2025-12-25-15-08,西
2025-12-25-16-01,南西
2025-12-25-16-02,北東
2025-12-25-16-03,北西
2025-12-25-16-04,北西
2025-12-25-16-05,北東
2025-12-25-16-06,南西
2025-12-25-16-07,南西
2025-12-25-16-08,北東
2025-12-25-16-09,北西
2025-12-25-16-10,北西
2025-12-25-16-11,北東
2025-12-25-16-12,北西
2025-12-25-17-01,南西
2025-12-25-17-02,南
2025-12-25-17-04,南西
2025-12-25-17-05,北東
2025-12-25-17-06,北
2025-12-25-17-07,北
2025-12-25-17-08,北
2025-12-25-17-09,北
2025-12-25-17-10,北
2025-12-25-17-11,南西
2025-12-25-17-12,北
2025-12-25-18-01,北
2025-12-25-18-02,北
2025-12-25-18-03,北東
2025-12-25-18-04,北
2025-12-25-18-05,南西
2025-12-25-18-06,西
2025-12-25-18-07,東
2025-12-25-18-08,東
2025-12-25-18-09,北東
2025-12-25-18-10,南東
2025-12-25-18-11,東
2025-12-25-18-12,南
2025-12-25-20-01,北西
2025-12-25-20-02,北西
2025-12-25-20-03,北西
2025-12-25-20-04,北西
2025-12-25-20-05,北西
2025-12-25-20-06,北西
2025-12-25-20-07,北西
2025-12-25-20-08,北西
2025-12-25-20-09,北西
2025-12-25-20-10,北西
2025-12-25-20-11,北西
2025-12-25-20-12,北西
2025-12-25-22-01,北西
2025-12-25-22-02,北西
2025-12-25-22-03,北西
2025-12-25-22-04,北西
2025-12-25-22-05,北西
2025-12-25-22-06,北西
2025-12-25-22-07,北西
2025-12-25-22-08,北
2025-12-25-22-09,北西
2025-12-25-22-10,北西
2025-12-25-22-11,北西
2025-12-25-22-12,北西
2025-12-26-03-01,北西
2025-12-26-03-02,北西
2025-12-26-03-03,北西
2025-12-26-03-04,北西
2025-12-26-03-05,北西
2025-12-26-03-06,北西
2025-12-26-03-07,北西
2025-12-26-03-08,北西
2025-12-26-03-09,北西
2025-12-26-03-10,北西
2025-12-26-03-11,北西
2025-12-26-03-12,北西
2025-12-26-04-01,北西
2025-12-26-04-02,北
2025-12-26-04-03,北西
2025-12-26-04-04,北西
2025-12-26-04-05,北西
2025-12-26-04-06,北西
2025-12-26-04-07,北
2025-12-26-04-08,北
2025-12-26-05-01,西
2025-12-26-05-02,北西
2025-12-26-05-03,西
2025-12-26-05-04,北西
2025-12-26-05-05,北
2025-12-26-05-06,西
2025-12-26-05-07,西
2025-12-26-05-08,北
2025-12-26-05-09,北
2025-12-26-05-10,北
2025-12-26-05-11,西
2025-12-26-05-12,北
2025-12-26-07-01,北西
2025-12-26-07-02,北西
2025-12-26-07-03,北西
2025-12-26-07-04,北西
2025-12-26-07-05,北西
2025-12-26-07-06,北西
2025-12-26-07-07,北西
2025-12-26-07-08,北西
2025-12-26-07-09,北西
2025-12-26-07-10,北西
2025-12-26-07-11,北西
2025-12-26-07-12,北西
2025-12-26-08-01,北西
2025-12-26-08-02,北西
2025-12-26-08-03,北西
2025-12-26-08-04,北西
2025-12-26-08-05,北西
2025-12-26-08-06,北西
2025-12-26-08-07,北西
2025-12-26-08-08,北西
2025-12-26-08-09,北西
2025-12-26-08-10,北西
2025-12-26-08-11,北西
2025-12-26-08-12,北西
2025-12-26-09-01,北西
2025-12-26-09-02,北西
2025-12-26-09-03,北西
2025-12-26-09-04,北西
2025-12-26-09-05,北西
2025-12-26-09-06,北西
2025-12-26-09-07,北西
2025-12-26-09-08,北西
2025-12-26-09-09,北西
2025-12-26-09-10,北西
2025-12-26-09-11,北西
2025-12-26-09-12,北西
2025-12-26-10-01,北西
2025-12-26-10-02,北西
2025-12-26-10-03,北西
2025-12-26-10-04,北西
2025-12-26-10-05,北西
2025-12-26-10-06,北西
2025-12-26-11-01,西
2025-12-26-11-02,西
2025-12-26-11-03,西
2025-12-26-11-04,西
2025-12-26-11-05,西
2025-12-26-11-06,西
2025-12-26-11-07,北東
2025-12-26-11-08,北西
2025-12-26-11-09,北西
2025-12-26-11-10,西
2025-12-26-11-11,西
2025-12-26-11-12,西
2025-12-26-12-01,北
2025-12-26-12-02,北
2025-12-26-12-03,北
2025-12-26-12-04,北
2025-12-26-12-05,北
2025-12-26-12-07,北
2025-12-26-12-08,北東
2025-12-26-12-09,北
2025-12-26-12-10,北
2025-12-26-12-11,北
2025-12-26-12-12,北東
2025-12-26-13-01,南西
2025-12-26-13-02,南西
2025-12-26-13-03,北
2025-12-26-13-04,北西
2025-12-26-13-05,西
2025-12-26-13-06,北西
2025-12-26-13-07,北西
2025-12-26-13-09,北西
2025-12-26-13-10,北西
2025-12-26-13-11,北西
2025-12-26-13-12,北西
2025-12-26-15-01,西
2025-12-26-15-02,西
2025-12-26-15-03,西
2025-12-26-15-04,西
2025-12-26-15-05,西
2025-12-26-15-06,西
2025-12-26-15-07,西
2025-12-26-15-08,西
2025-12-26-15-09,西
2025-12-26-15-10,西
2025-12-26-15-11,西
2025-12-26-15-12,西
2025-12-26-18-01,北東
2025-12-26-18-02,北東
2025-12-26-18-03,東
2025-12-26-18-04,北
2025-12-26-18-05,北東
2025-12-26-18-06,南西
2025-12-26-18-07,東
2025-12-26-18-08,北東
2025-12-26-18-09,北東
2025-12-26-18-10,北
2025-12-26-18-11,東
2025-12-26-18-12,東
2025-12-26-22-01,北
2025-12-26-22-02,北
2025-12-26-22-03,北
2025-12-26-22-04,北
2025-12-26-22-05,北西
2025-12-26-22-06,北西
2025-12-26-22-07,北
2025-12-26-22-08,北西
2025-12-26-22-09,北西
2025-12-26-22-10,北西
2025-12-26-22-11,北西
2025-12-26-22-12,北
2025-12-26-24-01,北
2025-12-26-24-02,北
2025-12-26-24-03,北
2025-12-26-24-04,北西
2025-12-26-24-05,北
2025-12-26-24-06,北
2025-12-26-24-07,北
2025-12-26-24-08,北
2025-12-26-24-09,北
2025-12-26-24-10,北
2025-12-26-24-11,北
2025-12-26-24-12,東
2025-12-27-01-01,北西
2025-12-27-01-02,東
2025-12-27-01-03,東
2025-12-27-01-04,東
2025-12-27-01-05,東
2025-12-27-01-06,北東
2025-12-27-01-07,北東
2025-12-27-01-08,北
2025-12-27-01-09,北
2025-12-27-01-10,北西
2025-12-27-01-12,北西
2025-12-27-02-01,北西
2025-12-27-02-03,北西
2025-12-27-02-12,東
2025-12-27-03-01,北
2025-12-27-03-02,北
2025-12-27-03-03,北
2025-12-27-03-04,北
2025-12-27-03-05,北
2025-12-27-03-06,北東
2025-12-27-03-07,北東
2025-12-27-03-08,東
2025-12-27-03-09,南東
2025-12-27-03-10,南東
2025-12-27-03-11,南東
2025-12-27-03-12,南東
2025-12-27-04-01,北
2025-12-27-04-02,北
2025-12-27-04-03,北
2025-12-27-04-04,北
2025-12-27-04-05,北東
2025-12-27-04-06,北
2025-12-27-04-07,北
2025-12-27-04-08,東
2025-12-27-04-09,東
2025-12-27-04-10,南東
2025-12-27-04-12,北東
2025-12-27-05-01,西
2025-12-27-05-02,東
2025-12-27-05-03,東
2025-12-27-05-04,東
2025-12-27-05-05,北
2025-12-27-05-06,東
2025-12-27-05-07,東
2025-12-27-05-08,東
2025-12-27-05-09,東
2025-12-27-05-10,南東
2025-12-27-05-11,東
2025-12-27-05-12,南東
2025-12-27-07-01,北西
2025-12-27-07-02,北西
2025-12-27-07-03,北西
2025-12-27-07-04,北西
2025-12-27-07-05,北西
2025-12-27-07-06,北西
2025-12-27-07-07,北西
2025-12-27-07-08,西
2025-12-27-07-09,北西
2025-12-27-07-10,西
2025-12-27-07-11,西
2025-12-27-07-12,西
2025-12-27-10-01,南東
2025-12-27-10-02,南東
2025-12-27-10-03,南東
2025-12-27-10-04,南東
2025-12-27-10-05,南東
2025-12-27-10-06,南東
2025-12-27-10-07,南東
2025-12-27-10-08,南東
2025-12-27-10-09,南東
2025-12-27-10-10,南東
2025-12-27-10-11,南東
2025-12-27-10-12,南東
2025-12-27-11-01,南西
2025-12-27-11-02,南西
2025-12-27-11-03,南西
2025-12-27-11-04,南西
2025-12-27-11-05,南
2025-12-27-11-06,南西
2025-12-27-11-08,南
2025-12-27-11-09,南西
2025-12-27-11-10,南西
2025-12-27-11-12,南
2025-12-27-12-01,南東
2025-12-27-12-02,南
2025-12-27-12-05,南東
2025-12-27-12-08,北東
2025-12-27-12-09,北
2025-12-27-12-10,北東
2025-12-27-13-01,南西
2025-12-27-13-02,西
2025-12-27-13-03,南西
2025-12-27-13-04,西
2025-12-27-13-05,南西
2025-12-27-13-06,西
2025-12-27-13-07,南西
2025-12-27-13-08,西
2025-12-27-13-09,南
2025-12-27-13-10,西
2025-12-27-13-11,西
2025-12-27-13-12,西
2025-12-27-15-01,西
2025-12-27-15-02,南西
2025-12-27-15-03,南西
2025-12-27-15-04,西
2025-12-27-15-05,西
2025-12-27-15-06,西
2025-12-27-15-07,西
2025-12-27-15-08,西
2025-12-27-15-09,北西
2025-12-27-15-10,西
2025-12-27-15-11,西
2025-12-27-15-12,西
2025-12-27-18-01,北東
2025-12-27-18-02,北
2025-12-27-18-03,東
2025-12-27-18-04,南東
2025-12-27-18-05,南
2025-12-27-18-06,北
2025-12-27-18-07,北
2025-12-27-18-08,東
2025-12-27-18-09,北
2025-12-27-18-10,北東
2025-12-27-18-11,北東
2025-12-27-18-12,北
2025-12-27-22-01,南
2025-12-27-22-02,北西
2025-12-27-22-03,北西
2025-12-27-22-04,北
2025-12-27-22-05,北西
2025-12-27-22-06,北西
2025-12-27-22-07,北西
2025-12-27-22-08,北西
2025-12-27-22-09,北西
2025-12-27-22-10,北西
2025-12-27-22-11,北西
2025-12-27-22-12,北西
2025-12-27-23-01,南西
2025-12-27-23-02,南西
2025-12-27-23-03,南西
2025-12-27-23-04,南西
2025-12-27-23-05,北
2025-12-27-23-06,北
2025-12-27-23-07,北
2025-12-27-23-08,北
2025-12-27-23-09,北
2025-12-27-23-10,北
2025-12-27-23-11,北
2025-12-27-23-12,北西
2025-12-27-24-01,北
2025-12-27-24-02,北西
2025-12-27-24-03,北
2025-12-27-24-04,北
2025-12-27-24-05,北
2025-12-27-24-06,北
2025-12-27-24-07,北西
2025-12-27-24-08,北
2025-12-27-24-09,東
2025-12-27-24-10,北東
2025-12-27-24-11,東
2025-12-27-24-12,南東
2025-12-28-01-01,西
2025-12-28-01-02,西
2025-12-28-01-04,東
2025-12-28-01-05,東
2025-12-28-01-06,北東
2025-12-28-01-07,北東
2025-12-28-01-12,西
2025-12-28-02-02,北西
2025-12-28-02-03,北西
2025-12-28-02-04,北西
2025-12-28-02-05,北西
2025-12-28-02-06,北西
2025-12-28-02-07,北西
2025-12-28-02-08,北西
2025-12-28-02-09,北
2025-12-28-02-10,北東
2025-12-28-02-11,北
2025-12-28-02-12,北東
2025-12-28-03-01,北
2025-12-28-03-02,北
2025-12-28-03-03,北
2025-12-28-03-04,北
2025-12-28-03-05,北
2025-12-28-03-06,北
2025-12-28-03-07,北
2025-12-28-03-08,北
2025-12-28-03-09,北
2025-12-28-03-10,北
2025-12-28-03-11,北
2025-12-28-03-12,北東
2025-12-28-04-01,北
2025-12-28-04-02,北
2025-12-28-04-03,北
2025-12-28-04-04,北
2025-12-28-04-05,北
2025-12-28-04-06,北
2025-12-28-04-07,東
2025-12-28-04-08,北
2025-12-28-04-09,北東
2025-12-28-04-10,南東
2025-12-28-04-11,南東
2025-12-28-04-12,南東
2025-12-28-05-01,東
2025-12-28-05-02,北
2025-12-28-05-03,北
2025-12-28-05-04,北東
2025-12-28-05-05,北東
2025-12-28-05-06,東
2025-12-28-05-09,東
2025-12-28-05-10,東
2025-12-28-05-11,北東
2025-12-28-05-12,東
2025-12-28-07-01,北西
2025-12-28-07-02,北西
2025-12-28-07-03,北西
2025-12-28-07-04,北西
2025-12-28-07-05,北西
2025-12-28-07-06,北西
2025-12-28-07-07,北
2025-12-28-07-08,南西
2025-12-28-07-09,西
2025-12-28-07-10,西
2025-12-28-07-11,南
2025-12-28-11-01,南西
2025-12-28-11-02,南西
2025-12-28-11-04,南
2025-12-28-11-05,南西
2025-12-28-11-06,南
2025-12-28-11-07,北西
2025-12-28-11-08,北東
2025-12-28-11-09,北東
2025-12-28-11-10,北東
2025-12-28-11-11,北東
2025-12-28-11-12,北東
2025-12-28-12-10,南東
2025-12-28-13-02,南西
2025-12-28-13-03,西
2025-12-28-13-04,西
2025-12-28-13-05,南
2025-12-28-13-06,南
2025-12-28-13-07,南西
2025-12-28-13-08,南西
2025-12-28-13-09,南西
2025-12-28-13-10,西
2025-12-28-13-11,西
2025-12-28-13-12,西
2025-12-28-16-01,北西
2025-12-28-16-02,北西
2025-12-28-16-03,南西
2025-12-28-16-04,南西
2025-12-28-16-05,北西
2025-12-28-16-06,南西
2025-12-28-16-07,南西
2025-12-28-16-08,南東
2025-12-28-16-09,南
2025-12-28-16-10,南西
2025-12-28-16-11,南
2025-12-28-16-12,北西
2025-12-28-18-01,東
2025-12-28-18-02,北東
2025-12-28-18-03,北
2025-12-28-18-04,北
2025-12-28-18-05,南
2025-12-28-18-06,南東
2025-12-28-18-07,東
2025-12-28-18-08,西
2025-12-28-18-09,西
2025-12-28-18-10,北西
2025-12-28-18-11,北西
2025-12-28-18-12,北西
2025-12-28-19-01,西
2025-12-28-19-02,北東
2025-12-28-19-03,北東
2025-12-28-19-04,北東
2025-12-28-19-05,北東
2025-12-28-19-06,北東
2025-12-28-19-07,北東
2025-12-28-19-08,北東
2025-12-28-19-09,北東
2025-12-28-19-10,南
2025-12-28-19-11,北東
2025-12-28-19-12,北東
2025-12-28-22-01,南
2025-12-28-22-02,南
2025-12-28-22-03,南
2025-12-28-22-04,南
2025-12-28-22-05,南
2025-12-28-22-06,南
2025-12-28-22-07,南
2025-12-28-22-08,南
2025-12-28-22-09,南
2025-12-28-22-10,南
2025-12-28-22-11,北
2025-12-28-22-12,北
2025-12-28-23-01,南西
2025-12-28-23-02,南西
2025-12-28-23-03,南西
2025-12-28-23-04,南西
2025-12-28-23-05,南西
2025-12-28-23-06,南西
2025-12-28-23-07,南西
2025-12-28-23-08,南西
2025-12-28-23-10,西
2025-12-28-23-11,北
2025-12-28-23-12,北
2025-12-28-24-01,南西
2025-12-28-24-02,西
2025-12-28-24-03,北西
2025-12-28-24-04,西
2025-12-28-24-05,南西
2025-12-28-24-06,東
2025-12-28-24-07,東
2025-12-28-24-08,南東
2025-12-28-24-09,東
2025-12-28-24-10,南東
2025-12-28-24-11,南東
2025-12-28-24-12,南東
2025-12-29-01-01,南東
2025-12-29-01-02,南東
2025-12-29-01-03,南東
2025-12-29-01-04,南東
2025-12-29-01-06,北
2025-12-29-01-08,西
2025-12-29-01-09,西
2025-12-29-01-10,西
2025-12-29-01-11,西
2025-12-29-01-12,西
2025-12-29-03-01,北西
2025-12-29-03-02,北
2025-12-29-03-03,北西
2025-12-29-03-04,南西
2025-12-29-03-05,南西
2025-12-29-03-06,南西
2025-12-29-03-07,南西
2025-12-29-03-08,南
2025-12-29-03-09,南
2025-12-29-03-10,南
2025-12-29-03-11,南
2025-12-29-03-12,南
2025-12-29-04-01,東
2025-12-29-04-02,東
2025-12-29-04-04,北
2025-12-29-04-05,南東
2025-12-29-04-06,南
2025-12-29-04-07,南
2025-12-29-04-08,南
2025-12-29-04-09,南
2025-12-29-04-10,南
2025-12-29-04-12,北
2025-12-29-05-01,東
2025-12-29-05-03,東
2025-12-29-05-04,東
2025-12-29-05-05,東
2025-12-29-05-06,北
2025-12-29-05-07,東
2025-12-29-05-08,南西
2025-12-29-05-09,南東
2025-12-29-05-10,南
2025-12-29-05-11,南
2025-12-29-05-12,南
2025-12-29-06-01,北
2025-12-29-06-02,北
2025-12-29-06-03,北西
2025-12-29-06-04,北西
2025-12-29-06-05,西
2025-12-29-06-06,北西
2025-12-29-06-07,西
2025-12-29-06-08,北西
2025-12-29-06-09,北西
2025-12-29-06-10,北西
2025-12-29-06-11,北西
2025-12-29-06-12,北西
2025-12-29-08-01,北
2025-12-29-08-02,北
2025-12-29-08-03,北
2025-12-29-08-04,西
2025-12-29-08-05,西
2025-12-29-08-06,西
2025-12-29-08-07,西
2025-12-29-08-08,北
2025-12-29-08-09,西
2025-12-29-08-10,西
2025-12-29-08-11,南西
2025-12-29-11-01,東
2025-12-29-11-02,東
2025-12-29-11-03,北東
2025-12-29-11-04,東
2025-12-29-11-05,北東
2025-12-29-11-08,北東
2025-12-29-11-09,東
2025-12-29-11-10,北東
2025-12-29-11-11,南
2025-12-29-11-12,西
2025-12-29-12-02,北東
2025-12-29-13-01,北東
2025-12-29-13-02,南東
2025-12-29-13-04,南西
2025-12-29-13-05,西
2025-12-29-13-06,西
2025-12-29-13-07,南西
2025-12-29-13-08,南西
2025-12-29-13-09,南西
2025-12-29-13-10,南西
2025-12-29-13-11,南西
2025-12-29-13-12,西
2025-12-29-16-01,南東
2025-12-29-16-02,南東
2025-12-29-16-03,北東
2025-12-29-16-04,南東
2025-12-29-16-05,南東
2025-12-29-16-06,南東
2025-12-29-16-07,南東
2025-12-29-16-08,南東
2025-12-29-16-09,南東
2025-12-29-16-10,南
2025-12-29-16-11,南西
2025-12-29-16-12,南東
2025-12-29-18-01,北東
2025-12-29-18-02,北
2025-12-29-18-03,北東
2025-12-29-18-04,東
2025-12-29-18-05,北東
2025-12-29-18-06,北
2025-12-29-18-07,北東
2025-12-29-18-08,北
2025-12-29-18-09,北
2025-12-29-18-10,北
2025-12-29-18-11,北東
2025-12-29-18-12,北東
2025-12-29-19-01,北西
2025-12-29-19-02,北西
2025-12-29-19-03,南西
2025-12-29-19-04,南西
2025-12-29-19-05,南西
2025-12-29-19-06,北
2025-12-29-19-07,東
2025-12-29-19-08,北東
2025-12-29-19-09,北東
2025-12-29-19-10,北西
2025-12-29-19-11,北西
2025-12-29-19-12,北西
2025-12-29-21-01,南
2025-12-29-21-02,南
2025-12-29-21-03,南西
2025-12-29-21-04,南西
2025-12-29-21-05,南
2025-12-29-21-06,南
2025-12-29-21-07,南
2025-12-29-21-08,南
2025-12-29-21-09,南西
2025-12-29-21-10,南
2025-12-29-21-11,南
2025-12-29-21-12,南西
2025-12-29-22-01,南
2025-12-29-22-02,南
2025-12-29-22-03,南
2025-12-29-22-04,南
2025-12-29-22-05,南
2025-12-29-22-06,南
2025-12-29-22-07,南
2025-12-29-22-08,南
2025-12-29-22-09,南
2025-12-29-22-10,南
2025-12-29-22-11,南
2025-12-29-22-12,南
2025-12-29-23-01,西
2025-12-29-23-02,西
2025-12-29-23-03,南西
2025-12-29-23-04,南西
2025-12-29-23-05,西
2025-12-29-23-06,西
2025-12-29-23-07,西
2025-12-29-23-08,南西
2025-12-29-23-09,南西
2025-12-29-23-10,南西
2025-12-29-23-11,南西
2025-12-29-23-12,南西
2025-12-29-24-01,南西
2025-12-29-24-02,南西
2025-12-29-24-03,南西
2025-12-29-24-04,南
2025-12-29-24-05,南西
2025-12-29-24-06,南西
2025-12-29-24-07,南東
2025-12-29-24-08,南東
2025-12-29-24-09,北西
2025-12-29-24-10,南
2025-12-29-24-11,北東
2025-12-29-24-12,北西
2025-12-30-01-01,北西
2025-12-30-01-02,北西
2025-12-30-01-03,北西
2025-12-30-01-04,北西
2025-12-30-01-05,北西
2025-12-30-01-06,北西
2025-12-30-01-07,北西
2025-12-30-01-08,西
2025-12-30-01-09,北西
2025-12-30-01-10,西
2025-12-30-01-11,西
2025-12-30-01-12,西
2025-12-30-02-10,東
2025-12-30-02-11,東
2025-12-30-04-03,北
2025-12-30-04-04,東
2025-12-30-04-05,北
2025-12-30-04-06,北
2025-12-30-04-07,北
2025-12-30-04-09,北
2025-12-30-04-12,北
2025-12-30-05-01,南
2025-12-30-05-02,東
2025-12-30-05-03,北
2025-12-30-05-04,東
2025-12-30-05-05,南
2025-12-30-05-06,東
2025-12-30-05-07,北
2025-12-30-05-08,北東
2025-12-30-05-09,北東
2025-12-30-05-10,東
2025-12-30-05-11,北東
2025-12-30-05-12,東
2025-12-30-06-01,北西
2025-12-30-06-02,北西
2025-12-30-06-03,北西
2025-12-30-06-04,北西
2025-12-30-06-05,北西
2025-12-30-06-06,北西
2025-12-30-06-07,北西
2025-12-30-06-08,北西
2025-12-30-06-09,北西
2025-12-30-06-10,北西
2025-12-30-06-11,北西
2025-12-30-06-12,北西
2025-12-30-07-01,北西
2025-12-30-07-02,北西
2025-12-30-07-03,北西
2025-12-30-07-04,北
2025-12-30-07-05,北西
2025-12-30-07-06,北西
2025-12-30-07-07,北西
2025-12-30-07-08,北西
2025-12-30-07-09,北西
2025-12-30-07-10,北西
2025-12-30-07-11,南西
2025-12-30-07-12,北西
2025-12-30-08-01,西
2025-12-30-08-03,南
2025-12-30-08-04,西
2025-12-30-08-05,西
2025-12-30-08-06,南
2025-12-30-08-07,東
2025-12-30-08-08,北東
2025-12-30-08-09,南
2025-12-30-08-10,南東
2025-12-30-08-11,北
2025-12-30-08-12,北
2025-12-30-09-01,東
2025-12-30-09-02,東
2025-12-30-09-03,東
2025-12-30-09-04,東
2025-12-30-09-05,東
2025-12-30-09-06,東
2025-12-30-09-07,東
2025-12-30-09-08,東
2025-12-30-09-09,東
2025-12-30-09-10,東
2025-12-30-09-11,東
2025-12-30-10-01,南東
2025-12-30-10-02,南東
2025-12-30-10-03,南東
2025-12-30-10-04,南東
2025-12-30-10-05,南東
2025-12-30-10-06,南東
2025-12-30-10-07,西
2025-12-30-10-09,南東
2025-12-30-10-10,西
2025-12-30-10-11,西
2025-12-30-10-12,西
2025-12-30-12-01,南東
2025-12-30-12-02,南
2025-12-30-12-03,南
2025-12-30-12-04,南
2025-12-30-12-06,南
2025-12-30-12-07,南東
2025-12-30-12-08,北
2025-12-30-12-09,北
2025-12-30-12-10,北
2025-12-30-12-11,北
2025-12-30-12-12,北
2025-12-30-13-01,南西
2025-12-30-13-02,南西
2025-12-30-13-03,南西
2025-12-30-13-04,南西
2025-12-30-13-05,南西
2025-12-30-13-06,南
2025-12-30-13-07,南西
2025-12-30-13-08,南西
2025-12-30-13-09,西
2025-12-30-13-10,南西
2025-12-30-13-11,南西
2025-12-30-13-12,南西
2025-12-30-16-01,北
2025-12-30-16-02,北西
2025-12-30-16-03,北西
2025-12-30-16-04,北東
2025-12-30-16-05,北西
2025-12-30-16-06,北西
2025-12-30-16-07,北東
2025-12-30-16-08,北西
2025-12-30-16-09,北西
2025-12-30-16-10,北西
2025-12-30-16-11,北西
2025-12-30-16-12,北西
2025-12-30-17-01,北東
2025-12-30-17-02,東
2025-12-30-17-03,東
2025-12-30-17-04,北東
2025-12-30-17-05,北東
2025-12-30-17-08,北東
2025-12-30-17-09,東
2025-12-30-17-10,北東
2025-12-30-17-11,北東
2025-12-30-17-12,北
2025-12-30-19-01,北東
2025-12-30-19-02,北
2025-12-30-19-03,北
2025-12-30-19-04,北
2025-12-30-19-05,北
2025-12-30-19-06,北東
2025-12-30-19-07,北
2025-12-30-19-08,北
2025-12-30-19-09,北西
2025-12-30-19-10,北東
2025-12-30-19-11,北東
2025-12-30-19-12,北東
2025-12-30-21-01,南
2025-12-30-21-02,北西
2025-12-30-21-03,北西
2025-12-30-21-04,北
2025-12-30-21-05,北
2025-12-30-21-06,北
2025-12-30-21-07,北東
2025-12-30-21-08,北
2025-12-30-21-09,北
2025-12-30-21-10,北
2025-12-30-21-11,北
2025-12-30-21-12,北
2025-12-30-22-01,北
2025-12-30-22-02,北
2025-12-30-22-03,北東
2025-12-30-22-04,北東
2025-12-30-22-05,北東
2025-12-30-22-06,北東
2025-12-30-22-07,北東
2025-12-30-22-08,北東
2025-12-30-22-09,北東
2025-12-30-22-10,北東
2025-12-30-22-11,北東
2025-12-30-22-12,北東
2025-12-30-23-02,南
2025-12-30-23-04,北
2025-12-30-23-05,北
2025-12-30-23-06,北
2025-12-30-23-07,北
2025-12-30-23-08,北
2025-12-30-23-09,北
2025-12-30-23-10,北
2025-12-30-23-11,北
2025-12-30-23-12,北
2025-12-30-24-01,北西
2025-12-30-24-02,北西
2025-12-30-24-03,北
2025-12-30-24-04,北
2025-12-30-24-05,北
2025-12-30-24-06,北
2025-12-30-24-07,北
2025-12-30-24-08,北
2025-12-30-24-09,北
2025-12-30-24-10,北
2025-12-30-24-11,北東
2025-12-30-24-12,北東
2025-12-31-01-01,西
2025-12-31-01-02,西
2025-12-31-01-03,西
2025-12-31-01-04,西
2025-12-31-01-05,西
2025-12-31-01-06,北西
2025-12-31-01-07,北西
2025-12-31-01-08,北西
2025-12-31-01-09,北西
2025-12-31-01-10,北西
2025-12-31-01-11,北西
2025-12-31-01-12,西
2025-12-31-02-03,西
2025-12-31-02-06,西
2025-12-31-02-09,東
2025-12-31-02-12,東
2025-12-31-04-01,北
2025-12-31-04-02,北
2025-12-31-04-04,北
2025-12-31-04-05,北
2025-12-31-04-06,北
2025-12-31-04-07,北
2025-12-31-04-08,北
2025-12-31-04-09,南東
2025-12-31-04-11,南
2025-12-31-04-12,南
2025-12-31-05-01,東
2025-12-31-05-02,東
2025-12-31-05-03,東
2025-12-31-05-04,東
2025-12-31-05-05,東
2025-12-31-05-06,西
2025-12-31-05-07,南東
2025-12-31-05-08,西
2025-12-31-05-09,南
2025-12-31-05-10,南西
2025-12-31-05-11,南
2025-12-31-05-12,南
2025-12-31-06-01,北西
2025-12-31-06-02,北西
2025-12-31-06-03,北西
2025-12-31-06-04,北西
2025-12-31-06-05,北西
2025-12-31-06-06,北西
2025-12-31-06-07,北西
2025-12-31-06-08,北西
2025-12-31-06-09,北西
2025-12-31-06-10,北西
2025-12-31-06-11,北西
2025-12-31-06-12,北西
2025-12-31-07-01,北西
2025-12-31-07-02,北西
2025-12-31-07-03,南東
2025-12-31-07-04,北東
2025-12-31-07-05,北西
2025-12-31-07-06,北西
2025-12-31-07-07,西
2025-12-31-07-08,北西
2025-12-31-07-09,北西
2025-12-31-07-10,北西
2025-12-31-07-11,北西
2025-12-31-07-12,北西
2025-12-31-08-01,北西
2025-12-31-08-02,北西
2025-12-31-08-03,北西
2025-12-31-08-04,北
2025-12-31-08-05,北西
2025-12-31-08-06,西
2025-12-31-08-07,北西
2025-12-31-08-08,北西
2025-12-31-08-09,北西
2025-12-31-08-10,北西
2025-12-31-08-11,西
2025-12-31-08-12,西
2025-12-31-09-01,西
2025-12-31-09-02,西
2025-12-31-09-03,西
2025-12-31-09-04,西
2025-12-31-09-05,北西
2025-12-31-09-06,北西
2025-12-31-09-07,北西
2025-12-31-09-08,北西
2025-12-31-09-09,北西
2025-12-31-09-10,西
2025-12-31-09-11,西
2025-12-31-09-12,西
2025-12-31-10-01,南東
2025-12-31-10-02,南東
2025-12-31-10-03,南東
2025-12-31-10-04,南東
2025-12-31-10-05,南東
2025-12-31-10-06,南東
2025-12-31-10-07,南東
2025-12-31-10-08,南東
2025-12-31-10-09,南東
2025-12-31-10-10,西
2025-12-31-10-11,西
2025-12-31-10-12,西
2025-12-31-15-01,北西
2025-12-31-15-02,西
2025-12-31-15-03,北西
2025-12-31-15-04,西
2025-12-31-15-05,北西
2025-12-31-15-06,北西
2025-12-31-15-07,北西
2025-12-31-15-08,北西
2025-12-31-15-09,北西
2025-12-31-15-10,北西
2025-12-31-15-11,北西
2025-12-31-15-12,北西
2025-12-31-16-01,北西
2025-12-31-16-02,北西
2025-12-31-16-03,北東
2025-12-31-16-04,北西
2025-12-31-16-05,北西
2025-12-31-16-06,北西
2025-12-31-16-07,北西
2025-12-31-16-08,北西
2025-12-31-16-09,北西
2025-12-31-16-10,北西
2025-12-31-16-11,北西
2025-12-31-16-12,北東
2025-12-31-17-01,北東
2025-12-31-17-02,南西
2025-12-31-17-03,南西
2025-12-31-17-04,南西
2025-12-31-17-05,北
2025-12-31-17-06,北東
2025-12-31-17-07,北東
2025-12-31-17-08,北
2025-12-31-17-09,北
2025-12-31-17-10,北
2025-12-31-17-11,北東
2025-12-31-17-12,北
2025-12-31-19-01,北東
2025-12-31-19-02,北
2025-12-31-19-03,北東
2025-12-31-19-04,北
2025-12-31-19-05,北東
2025-12-31-19-06,北
2025-12-31-19-07,北
2025-12-31-19-08,北
2025-12-31-19-09,北
2025-12-31-19-10,北
2025-12-31-19-11,北
2025-12-31-19-12,西
2025-12-31-21-01,北
2025-12-31-21-02,北西
2025-12-31-21-03,北西
2025-12-31-21-04,北
2025-12-31-21-05,北
2025-12-31-21-06,北
2025-12-31-21-07,北西
2025-12-31-21-08,北西
2025-12-31-21-09,北
2025-12-31-21-10,北
2025-12-31-21-11,北
2025-12-31-21-12,北
2025-12-31-23-01,北
2025-12-31-23-02,北
2025-12-31-23-03,北
2025-12-31-23-04,北
2025-12-31-23-05,北
2025-12-31-23-06,北
2025-12-31-23-07,北
2025-12-31-23-08,北
2025-12-31-23-09,北
2025-12-31-23-10,北
2025-12-31-23-11,北
2025-12-31-23-12,北
2025-12-31-24-01,北
2025-12-31-24-02,北
2025-12-31-24-03,北
2025-12-31-24-04,北
2025-12-31-24-05,北
2025-12-31-24-06,北
2025-12-31-24-07,北
2025-12-31-24-08,北
2025-12-31-24-09,北
2025-12-31-24-10,北
2025-12-31-24-11,北
2025-12-31-24-12,北
2026-01-01-06-01,北西
2026-01-01-06-02,北西
2026-01-01-06-03,北西
2026-01-01-06-04,北西
2026-01-01-06-05,北西
2026-01-01-06-06,北西
2026-01-01-06-07,北西
2026-01-01-06-08,北西
2026-01-01-06-09,北西
2026-01-01-06-10,北西
2026-01-01-06-11,北西
2026-01-01-06-12,北西
2026-01-01-07-01,北西
2026-01-01-07-02,北西
2026-01-01-07-03,北西
2026-01-01-07-04,北西
2026-01-01-07-05,北西
2026-01-01-07-06,北西
2026-01-01-07-07,北西
2026-01-01-07-08,北西
2026-01-01-07-09,北西
2026-01-01-07-10,北西
2026-01-01-07-11,北西
2026-01-01-07-12,北西
2026-01-01-08-01,北西
2026-01-01-08-02,北
2026-01-01-08-03,北
2026-01-01-08-04,北
2026-01-01-08-05,北
2026-01-01-08-06,北西
2026-01-01-08-07,北
2026-01-01-08-08,北
2026-01-01-08-09,北西
2026-01-01-08-10,北西
2026-01-01-08-11,北
2026-01-01-08-12,北西
2026-01-01-09-01,西
2026-01-01-09-02,西
2026-01-01-09-03,西
2026-01-01-09-04,西
2026-01-01-09-05,西
2026-01-01-09-06,西
2026-01-01-09-07,西
2026-01-01-09-08,西
2026-01-01-09-09,北西
2026-01-01-09-10,北西
2026-01-01-09-11,北西
2026-01-01-09-12,北西
2026-01-01-10-01,西
2026-01-01-10-02,西
2026-01-01-10-03,西
2026-01-01-10-04,南東
2026-01-01-10-05,南東
2026-01-01-10-06,南東
2026-01-01-10-07,南東
2026-01-01-10-08,南東
2026-01-01-10-09,南東
2026-01-01-10-10,南東
2026-01-01-10-11,南東
2026-01-01-10-12,南東
2026-01-01-14-01,北西
2026-01-01-14-02,北西
2026-01-01-14-03,北西
2026-01-01-14-04,北西
2026-01-01-14-05,北西
2026-01-01-14-06,北西
2026-01-01-14-07,北西
2026-01-01-14-08,北西
2026-01-01-14-09,北西
2026-01-01-14-10,北西
2026-01-01-14-11,西
2026-01-01-14-12,北西
2026-01-01-15-01,西
2026-01-01-15-02,西
2026-01-01-15-03,西
2026-01-01-15-04,西
2026-01-01-15-05,西
2026-01-01-15-06,北西
2026-01-01-15-07,北西
2026-01-01-15-08,北西
2026-01-01-15-09,北西
2026-01-01-15-10,北西
2026-01-01-15-11,北西
2026-01-01-15-12,北西
2026-01-01-16-01,南西
2026-01-01-16-02,北西
2026-01-01-16-03,南西
2026-01-01-16-04,南西
2026-01-01-16-05,南西
2026-01-01-16-06,北西
2026-01-01-16-07,北東
2026-01-01-16-08,北東
2026-01-01-16-09,北
2026-01-01-16-10,北
2026-01-01-16-11,北東
2026-01-01-16-12,北
2026-01-01-17-02,南西
2026-01-01-17-03,南西
2026-01-01-17-04,南西
2026-01-01-17-05,南西
2026-01-01-17-06,南
2026-01-01-17-07,北
2026-01-01-17-08,南西
2026-01-01-17-09,北
2026-01-01-17-10,南西
2026-01-01-17-11,南西
2026-01-01-17-12,南西
2026-01-01-19-01,北西
2026-01-01-19-02,北
2026-01-01-19-03,北
2026-01-01-19-04,北西
2026-01-01-19-05,北西
2026-01-01-19-06,北
2026-01-01-19-07,北
2026-01-01-19-08,北西
2026-01-01-19-09,北
2026-01-01-19-10,北
2026-01-01-19-11,北
2026-01-01-19-12,北
2026-01-01-20-01,北西
2026-01-01-20-02,北西
2026-01-01-20-03,北西
2026-01-01-20-04,北西
2026-01-01-20-05,北西
2026-01-01-20-06,北西
2026-01-01-20-07,北
2026-01-01-20-08,北
2026-01-01-20-09,北
2026-01-01-20-10,北
2026-01-01-20-11,北
2026-01-01-20-12,北
2026-01-01-21-01,南西
2026-01-01-21-02,南
2026-01-01-21-03,南
2026-01-01-21-04,東
2026-01-01-21-05,北西
2026-01-01-21-06,北西
2026-01-01-21-07,北西
2026-01-01-21-08,北西
2026-01-01-21-09,北西
2026-01-01-21-10,北西
2026-01-01-21-11,北西
2026-01-01-21-12,北西
2026-01-01-23-01,北
2026-01-01-23-02,北
2026-01-01-23-03,北
2026-01-01-23-04,北
2026-01-01-23-05,北
2026-01-01-23-06,北
2026-01-01-23-07,北
2026-01-01-23-08,北
2026-01-01-23-09,北
2026-01-01-23-10,北
2026-01-01-23-11,北
2026-01-01-23-12,北
2026-01-02-01-01,東
2026-01-02-01-02,北西
2026-01-02-01-03,北西
2026-01-02-01-04,北西
2026-01-02-01-05,北西
2026-01-02-01-06,北西
2026-01-02-01-07,南東
2026-01-02-01-08,南東
2026-01-02-01-09,東
2026-01-02-01-10,東
2026-01-02-01-11,東
2026-01-02-01-12,東
2026-01-02-03-01,北
2026-01-02-03-02,北
2026-01-02-03-03,北
2026-01-02-03-04,北
2026-01-02-03-05,北
2026-01-02-03-06,北東
2026-01-02-03-07,北東
2026-01-02-03-08,北東
2026-01-02-03-09,東
2026-01-02-03-10,南東
2026-01-02-03-12,北東
2026-01-02-06-01,北西
2026-01-02-06-02,西
2026-01-02-06-03,北西
2026-01-02-06-04,西
2026-01-02-06-05,西
2026-01-02-06-06,西
2026-01-02-06-07,北西
2026-01-02-06-08,西
2026-01-02-06-09,北西
2026-01-02-06-10,西
2026-01-02-06-11,北西
2026-01-02-06-12,西
2026-01-02-07-01,北西
2026-01-02-07-02,北西
2026-01-02-07-03,北西
2026-01-02-07-04,北西
2026-01-02-07-05,北西
2026-01-02-07-06,西
2026-01-02-07-07,北西
2026-01-02-07-08,西
2026-01-02-07-09,北西
2026-01-02-07-10,北西
2026-01-02-07-11,北西
2026-01-02-07-12,北
2026-01-02-08-01,西
2026-01-02-08-02,北西
2026-01-02-08-03,北西
2026-01-02-08-04,北西
2026-01-02-08-05,北西
2026-01-02-08-06,北西
2026-01-02-08-07,北西
2026-01-02-08-08,西
2026-01-02-08-09,西
2026-01-02-08-10,西
2026-01-02-08-11,西
2026-01-02-08-12,西
2026-01-02-09-01,西
2026-01-02-09-02,北西
2026-01-02-09-03,西
2026-01-02-09-04,西
2026-01-02-09-05,西
2026-01-02-09-06,西
2026-01-02-09-07,西
2026-01-02-09-08,西
2026-01-02-09-09,西
2026-01-02-09-10,西
2026-01-02-09-11,西
2026-01-02-09-12,西
2026-01-02-10-01,北
2026-01-02-10-02,北
2026-01-02-10-03,東
2026-01-02-10-04,北
2026-01-02-10-05,北東
2026-01-02-10-06,北
2026-01-02-10-08,北東
2026-01-02-10-09,北東
2026-01-02-12-01,北東
2026-01-02-12-03,南
2026-01-02-12-04,南東
2026-01-02-12-05,南東
2026-01-02-12-06,北
2026-01-02-12-07,南
2026-01-02-12-08,南東
2026-01-02-12-09,北
2026-01-02-12-10,北
2026-01-02-12-11,南
2026-01-02-12-12,北東
2026-01-02-14-01,西
2026-01-02-14-02,西
2026-01-02-14-03,西
2026-01-02-14-04,西
2026-01-02-14-05,西
2026-01-02-14-06,西
2026-01-02-14-07,西
2026-01-02-14-08,南西
2026-01-02-14-09,西
2026-01-02-14-10,西
2026-01-02-14-11,西
2026-01-02-14-12,西
2026-01-02-15-01,北西
2026-01-02-15-02,北西
2026-01-02-15-03,北西
2026-01-02-15-04,北西
2026-01-02-15-05,北西
2026-01-02-15-06,西
2026-01-02-15-07,南西
2026-01-02-15-08,西
2026-01-02-15-09,西
2026-01-02-15-10,西
2026-01-02-15-11,北西
2026-01-02-15-12,西
2026-01-02-16-01,南西
2026-01-02-16-02,北東
2026-01-02-16-03,北西
2026-01-02-16-04,北西
2026-01-02-16-05,北西
2026-01-02-16-06,北西
2026-01-02-16-07,北
2026-01-02-16-08,北西
2026-01-02-16-09,北西
2026-01-02-16-10,北
2026-01-02-16-11,北西
2026-01-02-16-12,北西
2026-01-02-17-01,南西
2026-01-02-17-02,南西
2026-01-02-17-03,南西
2026-01-02-17-04,南西
2026-01-02-17-05,南西
2026-01-02-17-06,南西
2026-01-02-17-07,南西
2026-01-02-17-08,南西
2026-01-02-17-09,南西
2026-01-02-17-10,南西
2026-01-02-17-11,南西
2026-01-02-18-01,北東
2026-01-02-18-02,東
2026-01-02-18-03,北東
2026-01-02-18-04,東
2026-01-02-18-05,北東
2026-01-02-18-06,東
2026-01-02-18-07,南東
2026-01-02-18-08,北東
2026-01-02-18-09,北
2026-01-02-18-10,北東
2026-01-02-18-11,南
2026-01-02-18-12,東
2026-01-02-19-01,北西
2026-01-02-19-02,西
2026-01-02-19-03,北西
2026-01-02-19-04,西
2026-01-02-19-05,北西
2026-01-02-19-06,北西
2026-01-02-19-07,北西
2026-01-02-19-08,北西
2026-01-02-19-09,北西
2026-01-02-19-10,北
2026-01-02-19-11,北
2026-01-02-19-12,北西
2026-01-02-20-01,西
2026-01-02-20-02,西
2026-01-02-20-03,西
2026-01-02-20-04,西
2026-01-02-20-05,西
2026-01-02-20-06,西
2026-01-02-20-07,西
2026-01-02-20-08,西
2026-01-02-20-09,西
2026-01-02-20-10,西
2026-01-02-20-11,西
2026-01-02-20-12,北西
2026-01-02-21-01,西
2026-01-02-21-02,北西
2026-01-02-21-03,北西
2026-01-02-21-04,北西
2026-01-02-21-05,北西
2026-01-02-21-06,北西
2026-01-02-21-07,西
2026-01-02-21-08,北西
2026-01-02-21-09,北西
2026-01-02-21-10,北西
2026-01-02-21-11,北西
2026-01-02-21-12,北西
2026-01-03-01-01,西
2026-01-03-01-02,西
2026-01-03-01-03,西
2026-01-03-01-04,北西
2026-01-03-01-05,北西
2026-01-03-01-06,北西
2026-01-03-01-08,北西
2026-01-03-01-10,西
2026-01-03-01-12,北西
2026-01-03-02-01,北西
2026-01-03-02-02,北西
2026-01-03-02-04,西
2026-01-03-02-08,北西
2026-01-03-03-01,北西
2026-01-03-03-02,北西
2026-01-03-03-03,北西
2026-01-03-03-04,北西
2026-01-03-03-05,北西
2026-01-03-03-06,北
2026-01-03-03-07,北西
2026-01-03-03-08,北西
2026-01-03-03-09,南西
2026-01-03-03-10,南
2026-01-03-03-11,南
2026-01-03-03-12,南
2026-01-03-05-01,南西
2026-01-03-05-02,南西
2026-01-03-05-03,南
2026-01-03-05-04,南
2026-01-03-05-06,東
2026-01-03-05-07,南西
2026-01-03-05-08,北東
2026-01-03-05-09,南
2026-01-03-05-11,南東
2026-01-03-06-01,西
2026-01-03-06-02,西
2026-01-03-06-03,西
2026-01-03-06-04,北西
2026-01-03-06-05,北西
2026-01-03-06-06,北西
2026-01-03-06-07,北西
2026-01-03-06-08,北西
2026-01-03-06-09,北西
2026-01-03-06-10,北西
2026-01-03-06-11,北西
2026-01-03-06-12,北西
2026-01-03-07-01,北西
2026-01-03-07-02,北西
2026-01-03-07-03,北西
2026-01-03-07-04,北西
2026-01-03-07-05,北西
2026-01-03-07-06,北西
2026-01-03-07-07,北西
2026-01-03-07-08,北西
2026-01-03-07-09,北西
2026-01-03-07-10,北西
2026-01-03-07-11,北西
2026-01-03-07-12,北西
2026-01-03-08-01,西
2026-01-03-08-02,北西
2026-01-03-08-03,北西
2026-01-03-08-04,北西
2026-01-03-08-05,北西
2026-01-03-08-06,北西
2026-01-03-08-07,北西
2026-01-03-08-08,北西
2026-01-03-08-09,北西
2026-01-03-08-10,北西
2026-01-03-08-11,北西
2026-01-03-08-12,北西
2026-01-03-09-01,西
2026-01-03-09-02,北西
2026-01-03-09-03,北西
2026-01-03-09-04,西
2026-01-03-09-05,西
2026-01-03-09-06,北西
2026-01-03-09-07,北西
2026-01-03-09-08,北西
2026-01-03-09-09,北西
2026-01-03-09-10,北西
2026-01-03-09-11,北西
2026-01-03-09-12,北西
2026-01-03-10-01,北西
2026-01-03-10-02,北西
2026-01-03-10-03,南東
2026-01-03-10-04,南
2026-01-03-10-05,南東
2026-01-03-10-06,南東
2026-01-03-10-07,南東
2026-01-03-10-08,南東
2026-01-03-10-09,南東
2026-01-03-10-10,西
2026-01-03-10-11,北西
2026-01-03-10-12,北西
2026-01-03-11-01,南西
2026-01-03-11-02,西
2026-01-03-11-03,北西
2026-01-03-11-04,北西
2026-01-03-11-05,南西
2026-01-03-11-06,北西
2026-01-03-11-07,南西
2026-01-03-11-08,西
2026-01-03-11-09,北西
2026-01-03-11-10,南西
2026-01-03-11-11,西
2026-01-03-11-12,西
2026-01-03-12-01,北東
2026-01-03-12-02,南東
2026-01-03-12-03,北東
2026-01-03-12-06,南
2026-01-03-12-07,南
2026-01-03-12-09,南東
2026-01-03-12-10,北東
2026-01-03-12-11,北
2026-01-03-12-12,北
2026-01-03-14-01,西
2026-01-03-14-02,北西
2026-01-03-14-03,西
2026-01-03-14-04,西
2026-01-03-14-05,北西
2026-01-03-14-06,西
2026-01-03-14-07,北西
2026-01-03-14-08,北西
2026-01-03-14-09,北西
2026-01-03-14-10,北西
2026-01-03-14-11,北西
2026-01-03-14-12,西
2026-01-03-15-01,西
2026-01-03-15-02,北西
2026-01-03-15-03,北西
2026-01-03-15-04,北西
2026-01-03-15-05,西
2026-01-03-15-06,西
2026-01-03-15-07,西
2026-01-03-15-08,北西
2026-01-03-15-09,北西
2026-01-03-15-10,北西
2026-01-03-15-11,北西
2026-01-03-15-12,北西
2026-01-03-17-01,南西
2026-01-03-17-02,南西
2026-01-03-17-03,南西
2026-01-03-17-04,南西
2026-01-03-17-05,南西
2026-01-03-17-06,南西
2026-01-03-17-07,南西
2026-01-03-17-08,南西
2026-01-03-17-09,南西
2026-01-03-17-10,南西
2026-01-03-17-11,南西
2026-01-03-17-12,南西
2026-01-03-18-01,東
2026-01-03-18-02,東
2026-01-03-18-03,北東
2026-01-03-18-04,東
2026-01-03-18-05,東
2026-01-03-18-06,北東
2026-01-03-18-07,北
2026-01-03-18-08,南東
2026-01-03-18-09,北東
2026-01-03-18-10,東
2026-01-03-18-11,北
2026-01-03-18-12,南西
2026-01-03-20-01,北西
2026-01-03-20-02,北西
2026-01-03-20-03,北西
2026-01-03-20-04,北西
2026-01-03-20-05,北西
2026-01-03-20-06,北西
2026-01-03-20-07,北西
2026-01-03-20-08,北西
2026-01-03-20-09,北西
2026-01-03-20-10,北西
2026-01-03-20-11,北西
2026-01-03-21-01,西
2026-01-03-21-02,西
2026-01-03-21-03,西
2026-01-03-21-04,西
2026-01-03-21-05,西
2026-01-03-21-06,西
2026-01-03-21-07,西
2026-01-03-21-08,西
2026-01-03-21-09,西
2026-01-03-21-10,西
2026-01-03-21-11,北西
2026-01-03-21-12,北西
2026-01-03-22-01,北西
2026-01-03-22-02,北西
2026-01-03-22-03,北西
2026-01-03-22-04,北西
2026-01-03-22-05,北西
2026-01-03-22-06,北西
2026-01-03-22-07,北西
2026-01-03-22-08,北西
2026-01-03-22-09,北西
2026-01-03-22-10,北西
2026-01-03-22-11,北西
2026-01-03-22-12,北
2026-01-03-24-01,北西
2026-01-03-24-02,北
2026-01-03-24-03,北
2026-01-03-24-04,北
2026-01-03-24-05,北
2026-01-03-24-06,北
2026-01-03-24-07,北
2026-01-03-24-08,北東
2026-01-03-24-09,北東
2026-01-03-24-10,南東
2026-01-03-24-11,南東
2026-01-03-24-12,南東
2026-01-04-01-01,西
2026-01-04-01-02,西
2026-01-04-01-03,西
2026-01-04-01-04,北西
2026-01-04-01-05,北西
2026-01-04-01-06,北西
2026-01-04-01-07,北西
2026-01-04-01-08,北西
2026-01-04-01-09,北西
2026-01-04-01-10,北西
2026-01-04-01-11,西
2026-01-04-02-01,北西
2026-01-04-02-02,北西
2026-01-04-02-03,北西
2026-01-04-02-04,北西
2026-01-04-02-05,北西
2026-01-04-02-06,北西
2026-01-04-02-08,西
2026-01-04-02-12,南西
2026-01-04-03-01,北西
2026-01-04-03-02,北西
2026-01-04-03-03,北西
2026-01-04-03-04,西
2026-01-04-03-05,北西
2026-01-04-03-06,北西
2026-01-04-03-07,北西
2026-01-04-03-08,北西
2026-01-04-03-09,北西
2026-01-04-03-10,西
2026-01-04-03-11,南西
2026-01-04-03-12,南西
2026-01-04-04-01,北
2026-01-04-04-02,北東
2026-01-04-04-03,南
2026-01-04-04-04,南
2026-01-04-04-07,北
2026-01-04-04-08,北
2026-01-04-04-09,南東
2026-01-04-04-10,南
2026-01-04-05-02,北東
2026-01-04-05-03,北西
2026-01-04-05-04,南東
2026-01-04-05-05,北東
2026-01-04-05-06,北西
2026-01-04-05-07,北東
2026-01-04-05-10,北東
2026-01-04-05-11,北東
2026-01-04-05-12,北東
2026-01-04-07-01,北西
2026-01-04-07-02,北西
2026-01-04-07-03,北西
2026-01-04-07-04,北西
2026-01-04-07-05,北西
2026-01-04-07-06,北西
2026-01-04-07-07,南西
2026-01-04-07-08,西
2026-01-04-07-09,北西
2026-01-04-07-10,北西
2026-01-04-07-11,北西
2026-01-04-07-12,北西
2026-01-04-09-01,北西
2026-01-04-09-02,北西
2026-01-04-09-03,北西
2026-01-04-09-04,北西
2026-01-04-09-05,北西
2026-01-04-09-06,北西
2026-01-04-09-07,北西
2026-01-04-09-08,北西
2026-01-04-09-09,北西
2026-01-04-09-10,北西
2026-01-04-09-11,北西
2026-01-04-09-12,北西
2026-01-04-10-01,南東
2026-01-04-10-02,南東
2026-01-04-10-03,南東
2026-01-04-10-04,南東
2026-01-04-10-05,南東
2026-01-04-10-06,南東
2026-01-04-10-07,南東
2026-01-04-10-08,南東
2026-01-04-10-09,南東
2026-01-04-10-10,南東
2026-01-04-10-11,南東
2026-01-04-10-12,南東
2026-01-04-11-01,南西
2026-01-04-11-02,南西
2026-01-04-11-03,南西
2026-01-04-11-04,南西
2026-01-04-11-05,西
2026-01-04-11-06,南西
2026-01-04-11-07,南西
2026-01-04-11-08,南西
2026-01-04-11-09,南西
2026-01-04-11-10,南西
2026-01-04-11-11,南西
2026-01-04-11-12,南西
2026-01-04-12-01,南東
2026-01-04-12-04,南東
2026-01-04-12-07,南
2026-01-04-12-09,南東
2026-01-04-13-01,南
2026-01-04-13-02,西
2026-01-04-13-03,西
2026-01-04-13-04,西
2026-01-04-13-05,西
2026-01-04-13-06,西
2026-01-04-13-07,南西
2026-01-04-13-08,南西
2026-01-04-13-09,南西
2026-01-04-13-10,南西
2026-01-04-13-11,西
2026-01-04-13-12,西
2026-01-04-14-01,南西
2026-01-04-14-02,南西
2026-01-04-14-03,西
2026-01-04-14-04,西
2026-01-04-14-05,西
2026-01-04-14-06,西
2026-01-04-14-07,西
2026-01-04-14-08,北西
2026-01-04-14-09,北西
2026-01-04-14-10,北西
2026-01-04-14-11,北西
2026-01-04-14-12,西
2026-01-04-15-01,西
2026-01-04-15-02,西
2026-01-04-15-03,西
2026-01-04-15-04,西
2026-01-04-15-05,西
2026-01-04-15-06,西
2026-01-04-15-07,西
2026-01-04-15-08,西
2026-01-04-15-09,西
2026-01-04-15-10,西
2026-01-04-15-11,北西
2026-01-04-15-12,西
2026-01-04-17-01,南西
2026-01-04-17-02,南西
2026-01-04-17-03,南
2026-01-04-17-04,南西
2026-01-04-17-05,南西
2026-01-04-17-06,南西
2026-01-04-17-07,南西
2026-01-04-17-08,南西
2026-01-04-17-09,南西
2026-01-04-17-10,南西
2026-01-04-17-11,南西
2026-01-04-17-12,南西
2026-01-04-18-01,東
2026-01-04-18-02,北東
2026-01-04-18-03,北東
2026-01-04-18-04,北東
2026-01-04-18-05,東
2026-01-04-18-06,南東
2026-01-04-18-07,南西
2026-01-04-18-08,南
2026-01-04-18-09,東
2026-01-04-18-10,南
2026-01-04-18-11,南
2026-01-04-18-12,南
2026-01-04-19-01,西
2026-01-04-19-02,西
2026-01-04-19-03,西
2026-01-04-19-04,西
2026-01-04-19-05,西
2026-01-04-19-06,西
2026-01-04-19-07,西
2026-01-04-19-08,西
2026-01-04-19-09,西
2026-01-04-19-10,西
2026-01-04-19-11,西
2026-01-04-19-12,西
2026-01-04-20-01,西
2026-01-04-20-02,西
2026-01-04-20-03,西
2026-01-04-20-04,西
2026-01-04-20-05,西
2026-01-04-20-06,西
2026-01-04-20-07,北西
2026-01-04-20-08,北西
2026-01-04-20-09,西
2026-01-04-20-10,北西
2026-01-04-20-11,北西
2026-01-04-20-12,北西
2026-01-04-22-01,西
2026-01-04-22-02,西
2026-01-04-22-03,西
2026-01-04-22-04,西
2026-01-04-22-05,西
2026-01-04-22-06,西
2026-01-04-22-07,西
2026-01-04-22-08,西
2026-01-04-22-09,西
2026-01-04-22-10,西
2026-01-04-22-11,西
2026-01-04-22-12,西
2026-01-04-23-01,南西
2026-01-04-23-02,南
2026-01-04-23-03,南西
2026-01-04-23-04,南
2026-01-04-23-05,西
2026-01-04-23-06,南西
2026-01-04-23-07,西
2026-01-04-23-08,西
2026-01-04-23-09,西
2026-01-04-23-10,西
2026-01-04-23-11,西
2026-01-04-23-12,北西
2026-01-04-24-01,北西
2026-01-04-24-02,北西
2026-01-04-24-03,北東
2026-01-04-24-04,南東
2026-01-04-24-05,東
2026-01-04-24-06,東
2026-01-04-24-07,南東
2026-01-04-24-08,南東
2026-01-04-24-09,南東
2026-01-04-24-10,南東
2026-01-04-24-11,南東
2026-01-04-24-12,南東
2026-01-05-01-02,東
2026-01-05-01-03,東
2026-01-05-01-05,北西
2026-01-05-01-06,北西
2026-01-05-01-07,北西
2026-01-05-01-08,北西
2026-01-05-01-09,北西
2026-01-05-01-10,北西
2026-01-05-01-11,西
2026-01-05-01-12,北西
2026-01-05-02-01,東
2026-01-05-02-02,東
2026-01-05-02-03,北東
2026-01-05-02-04,北東
2026-01-05-02-05,北東
2026-01-05-02-06,北東
2026-01-05-02-07,北東
2026-01-05-02-08,東
2026-01-05-02-09,北
2026-01-05-02-10,北東
2026-01-05-02-11,北東
2026-01-05-03-01,北東
2026-01-05-03-02,北東
2026-01-05-03-03,南東
2026-01-05-03-04,南東
2026-01-05-03-05,南西
2026-01-05-03-06,南西
2026-01-05-03-07,南西
2026-01-05-03-08,南西
2026-01-05-03-09,南西
2026-01-05-03-10,南
2026-01-05-03-11,東
2026-01-05-03-12,東
2026-01-05-04-01,南
2026-01-05-04-02,南
2026-01-05-04-03,南
2026-01-05-04-04,南
2026-01-05-04-05,南
2026-01-05-04-08,北西
2026-01-05-04-09,南
2026-01-05-04-10,南
2026-01-05-04-12,南
2026-01-05-05-01,東
2026-01-05-05-02,南東
2026-01-05-05-04,南東
2026-01-05-05-05,南東
2026-01-05-05-06,北東
2026-01-05-05-08,北西
2026-01-05-05-11,南
2026-01-05-05-12,北東
2026-01-05-11-01,南西
2026-01-05-11-02,南西
2026-01-05-11-03,南西
2026-01-05-11-04,南西
2026-01-05-11-05,南西
2026-01-05-11-06,南西
2026-01-05-11-07,南西
2026-01-05-11-08,南西
2026-01-05-11-09,南西
2026-01-05-11-10,西
2026-01-05-11-11,南西
2026-01-05-11-12,南西
2026-01-05-12-02,南
2026-01-05-12-03,南
2026-01-05-12-04,南東
2026-01-05-12-05,南東
2026-01-05-12-06,南東
2026-01-05-12-07,南東
2026-01-05-12-08,南東
2026-01-05-12-10,南東
2026-01-05-12-11,北東
2026-01-05-13-01,南西
2026-01-05-13-02,南西
2026-01-05-13-03,南西
2026-01-05-13-04,南西
2026-01-05-13-05,南西
2026-01-05-13-06,西
2026-01-05-13-07,西
2026-01-05-13-08,東
2026-01-05-13-09,西
2026-01-05-13-10,西
2026-01-05-13-11,西
2026-01-05-13-12,南西
2026-01-05-14-01,南東
2026-01-05-14-02,南東
2026-01-05-14-03,南西
2026-01-05-14-06,南東
2026-01-05-14-07,西
2026-01-05-14-08,北西
2026-01-05-14-09,北西
2026-01-05-14-10,北西
2026-01-05-14-11,北西
2026-01-05-14-12,北西
2026-01-05-15-01,西
2026-01-05-15-02,西
2026-01-05-15-03,西
2026-01-05-15-04,西
2026-01-05-15-05,北西
2026-01-05-15-06,北西
2026-01-05-15-07,北西
2026-01-05-15-08,北西
2026-01-05-15-09,北西
2026-01-05-15-10,北西
2026-01-05-15-11,北西
2026-01-05-15-12,西
2026-01-05-18-01,北東
2026-01-05-18-02,東
2026-01-05-18-03,東
2026-01-05-18-04,北
2026-01-05-18-05,東
2026-01-05-18-06,南
2026-01-05-18-07,南東
2026-01-05-18-08,東
2026-01-05-18-09,南
2026-01-05-18-10,南西
2026-01-05-18-11,北
2026-01-05-18-12,北
2026-01-05-19-01,北
2026-01-05-19-02,北西
2026-01-05-19-03,北
2026-01-05-19-04,北
2026-01-05-19-05,北
2026-01-05-19-06,北
2026-01-05-19-07,北
2026-01-05-19-08,北
2026-01-05-19-09,北
2026-01-05-19-10,北
2026-01-05-19-11,北
2026-01-05-19-12,北
2026-01-05-20-01,北西
2026-01-05-20-02,北西
2026-01-05-20-03,北西
2026-01-05-20-04,北西
2026-01-05-20-05,北
2026-01-05-20-06,北
2026-01-05-20-07,北
2026-01-05-20-08,北
2026-01-05-20-09,北
2026-01-05-20-10,北西
2026-01-05-20-11,北西
2026-01-05-20-12,北西
2026-01-05-22-01,北西
2026-01-05-22-02,北西
2026-01-05-22-03,北西
2026-01-05-22-04,北西
2026-01-05-22-05,北西
2026-01-05-22-06,北西
2026-01-05-22-07,北
2026-01-05-22-08,北西
2026-01-05-22-09,北西
2026-01-05-22-10,北西
2026-01-05-22-11,北西
2026-01-05-22-12,北
2026-01-05-23-01,北西
2026-01-05-23-02,北西
2026-01-05-23-03,西
2026-01-05-23-04,北西
2026-01-05-23-05,北
2026-01-05-23-06,西
2026-01-05-23-07,西
2026-01-05-23-08,西
2026-01-05-23-09,北西
2026-01-05-23-10,南西
2026-01-05-23-11,北
2026-01-05-23-12,北
2026-01-05-24-01,北
2026-01-05-24-02,北
2026-01-05-24-03,北東
2026-01-05-24-04,北東
2026-01-05-24-05,北東
2026-01-05-24-06,北東
2026-01-05-24-07,北東
2026-01-05-24-08,北東
2026-01-05-24-09,北東
2026-01-06-01-01,西
2026-01-06-01-02,西
2026-01-06-01-03,西
2026-01-06-01-04,西
2026-01-06-01-05,西
2026-01-06-01-06,西
2026-01-06-01-07,西
2026-01-06-01-08,西
2026-01-06-01-09,西
2026-01-06-01-10,北西
2026-01-06-01-11,西
2026-01-06-01-12,北西
2026-01-06-02-01,北西
2026-01-06-02-02,北西
2026-01-06-02-03,北西
2026-01-06-02-04,北西
2026-01-06-02-05,北西
2026-01-06-02-06,北西
2026-01-06-02-07,北西
2026-01-06-02-08,北西
2026-01-06-02-09,北西
2026-01-06-02-10,北西
2026-01-06-02-11,北西
2026-01-06-02-12,北西
2026-01-06-03-01,北西
2026-01-06-03-02,北西
2026-01-06-03-03,北西
2026-01-06-03-04,北西
2026-01-06-03-05,北西
2026-01-06-03-06,北西
2026-01-06-03-07,北西
2026-01-06-03-08,北西
2026-01-06-03-09,北西
2026-01-06-03-10,北西
2026-01-06-03-11,北西
2026-01-06-03-12,北西
2026-01-06-04-01,北
2026-01-06-04-02,北
2026-01-06-04-03,北
2026-01-06-04-04,北
2026-01-06-04-05,北
2026-01-06-04-07,北西
2026-01-06-04-08,北西
2026-01-06-04-09,北
2026-01-06-04-10,北
2026-01-06-04-11,北
2026-01-06-04-12,北
2026-01-06-05-01,北西
2026-01-06-05-02,西
2026-01-06-05-03,北東
2026-01-06-05-09,南西
2026-01-06-05-11,北西
2026-01-06-11-01,西
2026-01-06-11-02,南西
2026-01-06-11-03,西
2026-01-06-11-04,北西
2026-01-06-11-05,南東
2026-01-06-11-06,北西
2026-01-06-11-07,北西
2026-01-06-11-08,北
2026-01-06-11-09,北東
2026-01-06-11-10,北東
2026-01-06-11-11,北東
2026-01-06-11-12,北
2026-01-06-12-01,北
2026-01-06-12-02,北
2026-01-06-12-03,北東
2026-01-06-12-04,北
2026-01-06-12-05,北
2026-01-06-12-06,北東
2026-01-06-12-07,北
2026-01-06-12-08,北
2026-01-06-12-09,北
2026-01-06-12-10,北
2026-01-06-12-11,北
2026-01-06-12-12,北
2026-01-06-13-01,北西
2026-01-06-13-02,北西
2026-01-06-13-03,北東
2026-01-06-13-04,西
2026-01-06-13-05,西
2026-01-06-13-06,北西
2026-01-06-13-07,北西
2026-01-06-13-11,北西
2026-01-06-13-12,東
2026-01-06-14-01,北西
2026-01-06-14-02,北西
2026-01-06-14-03,北西
2026-01-06-14-04,北西
2026-01-06-14-05,北西
2026-01-06-14-06,北西
2026-01-06-14-07,北西
2026-01-06-14-08,北西
2026-01-06-14-09,北西
2026-01-06-14-10,北西
2026-01-06-14-11,北
2026-01-06-14-12,北
2026-01-06-16-01,北西
2026-01-06-16-02,北東
2026-01-06-16-03,南西
2026-01-06-16-04,北西
2026-01-06-16-05,南西
2026-01-06-16-06,南西
2026-01-06-16-07,南西
2026-01-06-16-08,南西
2026-01-06-16-09,南西
2026-01-06-16-10,南西
2026-01-06-16-11,南西
2026-01-06-16-12,南西
2026-01-06-18-01,北東
2026-01-06-18-02,東
2026-01-06-18-03,東
2026-01-06-18-04,北東
2026-01-06-18-05,北東
2026-01-06-18-06,北東
2026-01-06-18-07,南
2026-01-06-18-08,南
2026-01-06-18-09,西
2026-01-06-18-10,南西
2026-01-06-18-11,南西
2026-01-06-18-12,南西
2026-01-06-19-01,西
2026-01-06-19-02,西
2026-01-06-19-03,北西
2026-01-06-19-04,北西
2026-01-06-19-05,北西
2026-01-06-19-06,北
2026-01-06-19-07,北西
2026-01-06-19-08,南
2026-01-06-19-09,北東
2026-01-06-19-10,北東
2026-01-06-19-11,北東
2026-01-06-19-12,北東
2026-01-06-20-01,北西
2026-01-06-20-02,北西
2026-01-06-20-03,北西
2026-01-06-20-04,北西
2026-01-06-20-05,北西
2026-01-06-20-06,北西
2026-01-06-20-12,北西
2026-01-06-22-01,南
2026-01-06-22-02,西
2026-01-06-22-03,北
2026-01-06-22-04,北西
2026-01-06-22-05,北西
2026-01-06-22-06,北
2026-01-06-22-07,北
2026-01-06-22-08,北西
2026-01-06-22-09,北西
2026-01-06-22-10,北
2026-01-06-22-11,北
2026-01-06-22-12,北
2026-01-06-23-01,西
2026-01-06-23-02,西
2026-01-06-23-03,西
2026-01-06-23-04,西
2026-01-06-23-06,北
2026-01-06-23-07,北
2026-01-06-23-08,北
2026-01-06-23-09,北東
2026-01-06-23-10,北
2026-01-06-23-11,北
2026-01-06-23-12,北
2026-01-06-24-01,北
2026-01-06-24-02,北東
2026-01-06-24-03,北東
2026-01-06-24-04,南東
2026-01-06-24-05,南東
2026-01-06-24-07,東
2026-01-06-24-09,南東
2026-01-06-24-10,南東
2026-01-06-24-11,南東
2026-01-06-24-12,南東
2026-01-07-01-07,西
2026-01-07-01-09,西
2026-01-07-01-10,北西
2026-01-07-02-01,北西
2026-01-07-02-02,北
2026-01-07-02-03,北西
2026-01-07-02-04,北
2026-01-07-02-05,北
2026-01-07-02-06,北西
2026-01-07-02-07,北西
2026-01-07-02-08,北
2026-01-07-02-09,北
2026-01-07-02-10,北
2026-01-07-02-11,西
2026-01-07-02-12,北西
2026-01-07-03-01,北
2026-01-07-03-02,北
2026-01-07-03-03,北
2026-01-07-03-04,北
2026-01-07-03-05,北
2026-01-07-03-06,北
2026-01-07-03-07,北
2026-01-07-03-08,北
2026-01-07-03-09,北
2026-01-07-03-10,北
2026-01-07-03-11,北
2026-01-07-03-12,北
2026-01-07-04-01,北
2026-01-07-04-02,北
2026-01-07-04-03,北
2026-01-07-04-04,北
2026-01-07-04-05,北
2026-01-07-04-06,北
2026-01-07-04-07,北
2026-01-07-04-08,北
2026-01-07-04-09,北
2026-01-07-04-10,北
2026-01-07-04-11,北
2026-01-07-04-12,北
2026-01-07-05-01,北西
2026-01-07-05-02,南東
2026-01-07-05-03,北西
2026-01-07-05-04,北東
2026-01-07-05-06,北東
2026-01-07-05-07,北東
2026-01-07-05-09,北西
2026-01-07-05-10,北西
2026-01-07-07-01,北西
2026-01-07-07-02,北西
2026-01-07-07-03,北西
2026-01-07-07-04,西
2026-01-07-07-05,西
2026-01-07-07-06,北
2026-01-07-07-07,北西
2026-01-07-07-08,西
2026-01-07-07-09,北西
2026-01-07-07-10,北西
2026-01-07-07-11,西
2026-01-07-07-12,西
2026-01-07-10-01,南東
2026-01-07-10-02,南東
2026-01-07-10-03,南東
2026-01-07-10-04,南東
2026-01-07-10-05,南東
2026-01-07-10-06,南東
2026-01-07-10-07,南東
2026-01-07-10-08,南東
2026-01-07-10-09,南東
2026-01-07-10-10,南東
2026-01-07-10-11,南東
2026-01-07-10-12,南東
2026-01-07-11-01,東
2026-01-07-11-02,北東
2026-01-07-11-04,北東
2026-01-07-11-05,北東
2026-01-07-11-06,北東
2026-01-07-11-07,南西
2026-01-07-11-08,南西
2026-01-07-11-09,南西
2026-01-07-11-10,南西
2026-01-07-11-11,南西
2026-01-07-11-12,南
2026-01-07-12-06,南
2026-01-07-12-08,南東
2026-01-07-12-09,南東
2026-01-07-12-11,南
2026-01-07-12-12,南
2026-01-07-13-03,南西
2026-01-07-13-04,西
2026-01-07-13-05,南
2026-01-07-13-06,南西
2026-01-07-13-07,南西
2026-01-07-13-08,西
2026-01-07-13-09,西
2026-01-07-13-10,南西
2026-01-07-13-11,南西
2026-01-07-13-12,南
2026-01-07-16-01,南東
2026-01-07-16-02,北東
2026-01-07-16-03,北東
2026-01-07-16-04,南西
2026-01-07-16-05,北西
2026-01-07-16-06,南西
2026-01-07-16-07,南東
2026-01-07-16-08,南東
2026-01-07-16-09,北西
2026-01-07-16-10,北
2026-01-07-16-11,北西
2026-01-07-16-12,南東
2026-01-07-18-01,北東
2026-01-07-18-02,東
2026-01-07-18-03,北
2026-01-07-18-04,北
2026-01-07-18-05,南西
2026-01-07-18-06,西
2026-01-07-18-07,南西
2026-01-07-18-08,南西
2026-01-07-18-09,西
2026-01-07-18-10,南西
2026-01-07-18-11,西
2026-01-07-18-12,南西
2026-01-07-19-01,西
2026-01-07-19-02,西
2026-01-07-19-03,西
2026-01-07-19-04,西
2026-01-07-19-05,西
2026-01-07-19-06,西
2026-01-07-19-07,西
2026-01-07-19-08,西
2026-01-07-19-09,西
2026-01-07-19-10,西
2026-01-07-19-11,北西
2026-01-07-19-12,北西
2026-01-07-22-01,西
2026-01-07-22-02,北西
2026-01-07-22-03,北西
2026-01-07-22-04,西
2026-01-07-22-05,西
2026-01-07-22-06,西
2026-01-07-22-07,北西
2026-01-07-22-08,北西
2026-01-07-22-09,西
2026-01-07-22-10,西
2026-01-07-22-11,北西
2026-01-07-22-12,西
2026-01-07-23-01,南西
2026-01-07-23-02,南西
2026-01-07-23-03,南西
2026-01-07-23-04,南西
2026-01-07-23-05,西
2026-01-07-23-06,北西
2026-01-07-23-07,北西
2026-01-07-23-08,北西
2026-01-07-23-09,北西
2026-01-07-23-10,西
2026-01-07-23-11,北西
2026-01-07-23-12,北西
2026-01-07-24-01,北西
2026-01-07-24-02,北西
2026-01-07-24-03,北西
2026-01-07-24-04,北西
2026-01-07-24-05,北西
2026-01-07-24-06,北西
2026-01-07-24-07,北西
2026-01-07-24-08,北西
2026-01-07-24-09,北西
2026-01-07-24-10,北西
2026-01-07-24-11,北西
2026-01-07-24-12,北西
2026-01-08-02-01,北
2026-01-08-02-02,北西
2026-01-08-02-03,北
2026-01-08-02-04,北西
2026-01-08-02-05,北西
2026-01-08-02-06,北西
2026-01-08-02-07,北西
2026-01-08-02-08,北
2026-01-08-02-09,北西
2026-01-08-02-10,北西
2026-01-08-02-11,北
2026-01-08-02-12,北西
2026-01-08-04-01,北
2026-01-08-04-02,北
2026-01-08-04-03,北西
2026-01-08-04-04,北
2026-01-08-04-05,北
2026-01-08-04-06,北
2026-01-08-04-07,北
2026-01-08-04-08,北
2026-01-08-04-09,北
2026-01-08-04-10,北
2026-01-08-04-11,北
2026-01-08-04-12,北
2026-01-08-06-01,北西
2026-01-08-06-02,北西
2026-01-08-06-03,北西
2026-01-08-06-04,北西
2026-01-08-06-05,北西
2026-01-08-06-06,北西
2026-01-08-06-07,北西
2026-01-08-06-08,北西
2026-01-08-06-09,北西
2026-01-08-06-10,北西
2026-01-08-06-11,北西
2026-01-08-06-12,北西
2026-01-08-07-01,北西
2026-01-08-07-02,北西
2026-01-08-07-03,北西
2026-01-08-07-04,北西
2026-01-08-07-05,北西
2026-01-08-07-06,北西
2026-01-08-07-07,北西
2026-01-08-07-08,北西
2026-01-08-07-09,北西
2026-01-08-07-10,北西
2026-01-08-07-11,北西
2026-01-08-07-12,北西
2026-01-08-10-01,北西
2026-01-08-10-02,北西
2026-01-08-10-03,北西
2026-01-08-10-04,北西
2026-01-08-10-05,北西
2026-01-08-10-06,北西
2026-01-08-10-07,北西
2026-01-08-10-08,北
2026-01-08-10-09,北西
2026-01-08-10-10,北西
2026-01-08-10-11,北西
2026-01-08-10-12,北西
2026-01-08-11-01,北西
2026-01-08-11-02,南西
2026-01-08-11-03,西
2026-01-08-11-04,南西
2026-01-08-11-05,北西
2026-01-08-11-06,南西
2026-01-08-11-07,北西
2026-01-08-11-08,北西
2026-01-08-11-09,北西
2026-01-08-11-10,南西
2026-01-08-11-11,北西
2026-01-08-11-12,北西
2026-01-08-13-01,北西
2026-01-08-13-02,西
2026-01-08-13-03,北西
2026-01-08-13-06,南西
2026-01-08-13-07,北東
2026-01-08-13-08,北西
2026-01-08-13-09,北西
2026-01-08-13-10,南
2026-01-08-13-11,北西
2026-01-08-13-12,東
2026-01-08-15-01,北西
2026-01-08-15-02,北西
2026-01-08-15-03,北西
2026-01-08-15-04,北西
2026-01-08-15-05,北西
2026-01-08-15-06,北西
2026-01-08-15-07,北西
2026-01-08-15-08,北西
2026-01-08-15-09,北西
2026-01-08-15-10,北西
2026-01-08-15-11,北西
2026-01-08-15-12,北西
2026-01-08-16-01,北西
2026-01-08-16-02,北
2026-01-08-16-03,北西
2026-01-08-16-04,南西
2026-01-08-16-05,南西
2026-01-08-16-06,南西
2026-01-08-16-07,北西
2026-01-08-16-08,北東
2026-01-08-16-09,北西
2026-01-08-16-10,北西
2026-01-08-16-11,北西
2026-01-08-16-12,北
2026-01-08-20-01,北
2026-01-08-20-02,北西
2026-01-08-20-03,北西
2026-01-08-20-04,北
2026-01-08-20-05,北
2026-01-08-20-06,北
2026-01-08-20-07,北
2026-01-08-20-08,北
2026-01-08-20-09,北西
2026-01-08-20-10,北
2026-01-08-20-11,北西
2026-01-08-20-12,北
2026-01-08-22-01,北
2026-01-08-22-02,北西
2026-01-08-22-03,北
2026-01-08-22-04,北
2026-01-08-22-05,北
2026-01-08-22-06,北
2026-01-08-22-07,北
2026-01-08-22-08,北
2026-01-08-22-09,北
2026-01-08-22-10,北
2026-01-08-22-11,北
2026-01-08-22-12,北
2026-01-08-23-01,北
2026-01-08-23-02,北
2026-01-08-23-03,北
2026-01-08-23-04,北
2026-01-08-23-05,北
2026-01-08-23-06,北
2026-01-08-23-07,北
2026-01-08-23-08,北
2026-01-08-23-09,北
2026-01-08-23-10,北
2026-01-08-23-11,北
2026-01-08-23-12,北
2026-01-08-24-01,北
2026-01-08-24-02,北
2026-01-08-24-03,北東
2026-01-08-24-04,北東
2026-01-08-24-05,北東
2026-01-08-24-06,北東
2026-01-08-24-07,南東
2026-01-08-24-08,南東
2026-01-08-24-10,東
2026-01-08-24-11,南東
2026-01-08-24-12,南東
2026-01-09-04-01,北
2026-01-09-04-02,北
2026-01-09-04-03,北
2026-01-09-04-04,北
2026-01-09-04-05,北
2026-01-09-04-06,南東
2026-01-09-04-07,南
2026-01-09-04-08,南東
2026-01-09-04-09,南
2026-01-09-04-10,南
2026-01-09-04-11,南
2026-01-09-04-12,南
2026-01-09-06-01,北西
2026-01-09-06-02,北西
2026-01-09-06-03,北西
2026-01-09-06-04,北西
2026-01-09-06-05,北西
2026-01-09-06-06,北西
2026-01-09-06-07,北西
2026-01-09-06-08,北西
2026-01-09-06-09,北西
2026-01-09-06-10,北西
2026-01-09-06-11,北西
2026-01-09-06-12,北西
2026-01-09-07-01,北西
2026-01-09-07-02,北西
2026-01-09-07-03,北西
2026-01-09-07-04,北西
2026-01-09-07-05,北西
2026-01-09-07-06,北西
2026-01-09-07-07,西
2026-01-09-07-08,北西
2026-01-09-07-09,西
2026-01-09-07-10,北西
2026-01-09-07-11,北西
2026-01-09-07-12,西
2026-01-09-09-01,北西
2026-01-09-09-02,北西
2026-01-09-09-03,北西
2026-01-09-09-04,北西
2026-01-09-09-05,北西
2026-01-09-09-06,北西
2026-01-09-09-07,北西
2026-01-09-09-08,北西
2026-01-09-09-09,北西
2026-01-09-09-10,北西
2026-01-09-09-11,北西
2026-01-09-09-12,北西
2026-01-09-10-01,南東
2026-01-09-10-02,南東
2026-01-09-10-03,南東
2026-01-09-10-04,南東
2026-01-09-10-05,南東
2026-01-09-10-06,南東
2026-01-09-10-07,南東
2026-01-09-10-08,南東
2026-01-09-10-09,南
2026-01-09-10-10,南東
2026-01-09-10-11,南東
2026-01-09-10-12,南東
2026-01-09-13-01,南西
2026-01-09-13-02,南西
2026-01-09-13-03,西
2026-01-09-13-04,南
2026-01-09-13-05,南
2026-01-09-13-06,西
2026-01-09-13-07,南西
2026-01-09-13-08,南西
2026-01-09-13-09,西
2026-01-09-13-10,南
2026-01-09-13-11,南
2026-01-09-13-12,南西
2026-01-09-15-01,南西
2026-01-09-15-02,南西
2026-01-09-15-03,南西
2026-01-09-15-04,南西
2026-01-09-15-05,南
2026-01-09-15-06,南
2026-01-09-15-07,南
2026-01-09-15-08,南
2026-01-09-15-09,南東
2026-01-09-15-10,南東
2026-01-09-15-11,南東
2026-01-09-15-12,南東
2026-01-09-16-01,南東
2026-01-09-16-02,南西
2026-01-09-16-03,南
2026-01-09-16-04,北東
2026-01-09-16-05,南西
2026-01-09-16-06,南西
2026-01-09-16-07,南
2026-01-09-16-08,南東
2026-01-09-16-09,南東
2026-01-09-16-10,南
2026-01-09-16-11,南
2026-01-09-16-12,南西
2026-01-09-17-02,南西
2026-01-09-17-03,南西
2026-01-09-17-04,南西
2026-01-09-17-05,南西
2026-01-09-17-06,南西
2026-01-09-17-07,南西
2026-01-09-17-08,南西
2026-01-09-17-09,南東
2026-01-09-17-10,南東
2026-01-09-17-11,南東
2026-01-09-17-12,南東
2026-01-09-19-01,南西
2026-01-09-19-02,南西
2026-01-09-19-03,南西
2026-01-09-19-04,南西
2026-01-09-19-05,南西
2026-01-09-19-06,南西
2026-01-09-19-07,南西
2026-01-09-19-08,南西
2026-01-09-19-09,北
2026-01-09-19-10,北東
2026-01-09-19-11,南西
2026-01-09-19-12,南西
2026-01-09-20-01,西
2026-01-09-20-02,西
2026-01-09-20-03,西
2026-01-09-20-04,西
2026-01-09-20-05,西
2026-01-09-20-06,西
2026-01-09-20-07,西
2026-01-09-20-08,西
2026-01-09-20-09,北西
2026-01-09-20-10,西
2026-01-09-20-11,北西
2026-01-09-20-12,北西
2026-01-09-23-01,南西
2026-01-09-23-02,南西
2026-01-09-23-03,南西
2026-01-09-23-04,南西
2026-01-09-23-05,南西
2026-01-09-23-06,南西
2026-01-09-23-07,南
2026-01-09-23-08,西
2026-01-09-23-09,西
2026-01-09-23-10,南西
2026-01-09-23-11,西
2026-01-09-23-12,西
2026-01-10-05-01,南
2026-01-10-05-02,南
2026-01-10-05-03,南
2026-01-10-05-04,南西
2026-01-10-05-05,西
2026-01-10-05-06,南西
2026-01-10-05-07,南
2026-01-10-05-08,南
2026-01-10-05-09,南西
2026-01-10-05-10,南
2026-01-10-05-11,南西
2026-01-10-05-12,南
2026-01-10-06-01,北西
2026-01-10-06-02,北西
2026-01-10-06-03,北東
2026-01-10-06-04,北東
2026-01-10-06-05,東
2026-01-10-06-06,南東
2026-01-10-06-07,東
2026-01-10-06-08,南東
2026-01-10-06-09,南東
2026-01-10-07-01,南
2026-01-10-07-02,南東
2026-01-10-07-03,南東
2026-01-10-07-04,東
2026-01-10-07-05,東
2026-01-10-07-06,東
2026-01-10-07-07,北
2026-01-10-07-12,西
2026-01-10-09-01,南東
2026-01-10-09-02,南東
2026-01-10-09-03,南東
2026-01-10-09-04,南東
2026-01-10-09-05,南東
2026-01-10-09-06,南東
2026-01-10-09-07,南東
2026-01-10-09-08,南東
2026-01-10-09-09,南東
2026-01-10-09-10,南東
2026-01-10-09-11,南東
2026-01-10-09-12,南東
2026-01-10-10-01,南
2026-01-10-10-02,南
2026-01-10-10-03,南
2026-01-10-10-04,南
2026-01-10-10-05,南
2026-01-10-10-06,南
2026-01-10-15-01,南西
2026-01-10-15-02,南西
2026-01-10-15-03,南西
2026-01-10-15-04,南西
2026-01-10-15-05,南西
2026-01-10-15-06,南西
2026-01-10-15-07,南西
2026-01-10-15-08,南西
2026-01-10-15-09,南西
2026-01-10-15-10,南西
2026-01-10-15-11,南西
2026-01-10-15-12,南西
2026-01-10-16-01,南東
2026-01-10-16-02,南東
2026-01-10-16-03,北東
2026-01-10-16-04,北東
2026-01-10-16-05,北東
2026-01-10-16-06,南東
2026-01-10-16-07,南西
2026-01-10-16-08,南東
2026-01-10-16-09,北東
2026-01-10-16-10,南東
2026-01-10-16-11,北西
2026-01-10-16-12,北西
2026-01-10-17-01,東
2026-01-10-17-02,東
2026-01-10-17-03,東
2026-01-10-17-04,東
2026-01-10-17-06,南西
2026-01-10-17-07,南西
2026-01-10-18-01,北東
2026-01-10-18-02,南
2026-01-10-18-03,南西
2026-01-10-18-04,南西
2026-01-10-18-05,南西
2026-01-10-18-06,南西
2026-01-10-18-07,南西
2026-01-10-18-08,南西
2026-01-10-18-09,南西
2026-01-10-18-10,南西
2026-01-10-18-11,南西
2026-01-10-18-12,南西
2026-01-11-02-01,西
2026-01-11-02-02,北
2026-01-11-02-03,北
2026-01-11-02-04,北
2026-01-11-02-05,北西
2026-01-11-02-06,北西
2026-01-11-02-07,北西
2026-01-11-02-08,北西
2026-01-11-02-09,北西
2026-01-11-02-10,北西
2026-01-11-02-11,西
2026-01-11-02-12,北西
2026-01-11-05-01,南西
2026-01-11-05-02,南西
2026-01-11-05-03,南西
2026-01-11-05-04,西
2026-01-11-05-05,東
2026-01-11-05-06,西
2026-01-11-05-07,西
2026-01-11-06-01,北西
2026-01-11-06-02,北西
2026-01-11-06-03,北西
2026-01-11-06-04,北西
2026-01-11-06-05,西
2026-01-11-06-06,西
2026-01-11-06-07,西
2026-01-11-06-08,西
2026-01-11-06-09,西
2026-01-11-06-10,西
2026-01-11-06-11,西
2026-01-11-06-12,西
2026-01-11-07-01,西
2026-01-11-07-02,西
2026-01-11-07-03,北西
2026-01-11-07-04,西
2026-01-11-07-05,西
2026-01-11-07-06,西
2026-01-11-07-07,西
2026-01-11-07-08,西
2026-01-11-07-09,西
2026-01-11-07-10,西
2026-01-11-07-11,西
2026-01-11-07-12,西
2026-01-11-12-01,北東
2026-01-11-12-02,北東
2026-01-11-12-03,北東
2026-01-11-12-05,北東
2026-01-11-12-06,北東
2026-01-11-12-07,北東
2026-01-11-12-08,北
2026-01-11-12-09,南東
2026-01-11-13-01,西
2026-01-11-13-02,西
2026-01-11-13-03,西
2026-01-11-13-04,西
2026-01-11-13-05,西
2026-01-11-13-06,南西
2026-01-11-13-07,南西
2026-01-11-13-08,西
2026-01-11-14-01,北西
2026-01-11-14-02,北西
2026-01-11-14-03,北西
2026-01-11-16-01,北西
2026-01-11-16-02,北西
2026-01-11-16-03,北西
2026-01-11-16-04,北東
2026-01-11-16-05,北
2026-01-11-16-06,北
2026-01-11-16-07,北
2026-01-11-16-08,北西
2026-01-11-16-09,北東
2026-01-11-16-10,北東
2026-01-11-16-11,北西
2026-01-11-16-12,北西
2026-01-11-17-01,南西
2026-01-11-17-02,西
2026-01-11-17-03,南西
2026-01-11-17-04,南西
2026-01-11-17-05,西
2026-01-11-17-06,南西
2026-01-11-17-07,南西
2026-01-11-17-08,南西
2026-01-11-17-09,南西
2026-01-11-17-10,南西
2026-01-11-17-11,西
2026-01-11-17-12,南西
2026-01-11-18-01,東
2026-01-11-18-02,東
2026-01-11-18-03,北東
2026-01-11-18-04,北東
2026-01-11-18-05,北東
2026-01-11-18-06,東
2026-01-11-18-07,東
2026-01-11-18-08,北
2026-01-11-18-09,北東
2026-01-11-18-10,北東
2026-01-11-18-11,北東
2026-01-11-18-12,東
2026-01-11-19-01,北西
2026-01-11-19-02,北西
2026-01-11-19-03,北西
2026-01-11-19-04,北西
2026-01-11-19-05,北西
2026-01-11-19-06,北西
2026-01-11-19-07,北西
2026-01-11-19-08,北西
2026-01-11-19-09,北西
2026-01-11-19-10,北西
2026-01-11-19-11,北西
2026-01-11-19-12,北西
2026-01-11-20-01,北西
2026-01-11-20-02,北西
2026-01-11-20-03,北西
2026-01-11-20-04,北西
2026-01-11-20-05,北西
2026-01-11-20-06,北西
2026-01-11-20-07,北西
2026-01-11-20-08,北西
2026-01-11-20-09,北西
2026-01-11-20-10,北西
2026-01-11-20-11,北西
2026-01-11-20-12,北西
2026-01-12-01-01,北西
2026-01-12-01-02,北西
2026-01-12-01-03,北西
2026-01-12-01-04,西
2026-01-12-01-05,西
2026-01-12-01-07,北東
2026-01-12-01-11,北西
2026-01-12-01-12,西
2026-01-12-02-01,西
2026-01-12-02-03,東
2026-01-12-02-05,東
2026-01-12-02-09,南東
2026-01-12-03-01,南西
2026-01-12-03-02,南西
2026-01-12-03-03,南
2026-01-12-03-04,南
2026-01-12-03-05,南
2026-01-12-03-06,南東
2026-01-12-03-07,南東
2026-01-12-03-08,南東
2026-01-12-03-09,南東
2026-01-12-03-10,南東
2026-01-12-03-11,南東
2026-01-12-03-12,南
2026-01-12-05-01,南西
2026-01-12-05-02,南
2026-01-12-05-04,西
2026-01-12-05-05,南西
2026-01-12-05-06,南東
2026-01-12-05-07,南西
2026-01-12-05-08,南
2026-01-12-05-09,南
2026-01-12-05-10,南西
2026-01-12-05-11,西
2026-01-12-05-12,南
2026-01-12-06-01,北西
2026-01-12-06-02,北西
2026-01-12-06-03,北西
2026-01-12-06-04,北西
2026-01-12-06-05,北西
2026-01-12-06-06,北西
2026-01-12-06-07,北西
2026-01-12-06-08,北西
2026-01-12-06-09,北西
2026-01-12-06-10,北西
2026-01-12-06-11,北西
2026-01-12-06-12,北西
2026-01-12-09-01,北西
2026-01-12-09-02,北西
2026-01-12-09-03,北西
2026-01-12-09-04,北西
2026-01-12-09-05,北西
2026-01-12-09-06,北西
2026-01-12-09-07,北西
2026-01-12-09-08,北西
2026-01-12-09-09,北西
2026-01-12-09-10,北西
2026-01-12-09-11,北西
2026-01-12-09-12,北西
2026-01-12-12-03,南
2026-01-12-12-04,南
2026-01-12-12-05,南
2026-01-12-12-07,南
2026-01-12-12-08,南
2026-01-12-12-09,南東
2026-01-12-12-10,南
2026-01-12-12-12,南
2026-01-12-13-01,南西
2026-01-12-13-02,西
2026-01-12-13-03,西
2026-01-12-13-04,南西
2026-01-12-13-05,西
2026-01-12-13-06,南西
2026-01-12-13-07,南
2026-01-12-13-08,南西
2026-01-12-13-09,南
2026-01-12-13-10,南西
2026-01-12-13-11,南西
2026-01-12-13-12,南西
2026-01-12-14-01,西
2026-01-12-14-02,西
2026-01-12-14-03,北西
2026-01-12-14-04,北西
2026-01-12-14-05,西
2026-01-12-14-06,北西
2026-01-12-14-07,北西
2026-01-12-14-08,北西
2026-01-12-14-09,北西
2026-01-12-14-10,北
2026-01-12-14-11,北西
2026-01-12-14-12,北
2026-01-12-15-01,西
2026-01-12-15-02,南西
2026-01-12-15-03,南西
2026-01-12-15-04,西
2026-01-12-15-05,西
2026-01-12-15-06,南西
2026-01-12-15-07,南西
2026-01-12-15-08,南西
2026-01-12-15-09,南西
2026-01-12-15-10,南
2026-01-12-15-11,南
2026-01-12-15-12,南
2026-01-12-17-01,東
2026-01-12-17-02,東
2026-01-12-17-03,北東
2026-01-12-17-04,東
2026-01-12-17-05,北東
2026-01-12-17-06,北東
2026-01-12-17-07,北東
2026-01-12-17-08,東
2026-01-12-17-09,北東
2026-01-12-17-10,南西
2026-01-12-17-11,南
2026-01-12-17-12,南西
2026-01-12-18-01,北東
2026-01-12-18-02,東
2026-01-12-18-03,東
2026-01-12-18-04,南
2026-01-12-18-05,北西
2026-01-12-18-06,東
2026-01-12-18-07,北東
2026-01-12-18-08,東
2026-01-12-18-09,南西
2026-01-12-18-10,南西
2026-01-12-18-11,南西
2026-01-12-18-12,南西
2026-01-12-19-01,西
2026-01-12-19-02,南西
2026-01-12-19-03,南西
2026-01-12-19-04,北
2026-01-12-19-05,北
2026-01-12-19-06,北西
2026-01-12-19-07,北西
2026-01-12-19-08,南
2026-01-12-19-09,南東
2026-01-12-19-10,北西
2026-01-12-19-11,北
2026-01-12-19-12,北
2026-01-12-20-01,南西
2026-01-12-20-02,南西
2026-01-12-20-03,南西
2026-01-12-20-04,南西
2026-01-12-20-05,南西
2026-01-12-20-06,南西
2026-01-12-20-07,南西
2026-01-12-20-08,南西
2026-01-12-20-09,南西
2026-01-12-20-10,南西
2026-01-12-20-11,南西
2026-01-12-20-12,南西
2026-01-12-21-01,南
2026-01-12-21-02,南西
2026-01-12-21-03,南
2026-01-12-21-04,南西
2026-01-12-21-05,西
2026-01-12-21-06,南西
2026-01-12-21-07,南西
2026-01-12-21-08,南西
2026-01-12-21-09,南
2026-01-12-21-10,南
2026-01-12-21-11,南
2026-01-12-21-12,南西
2026-01-13-01-01,北西
2026-01-13-01-02,北西
2026-01-13-01-03,北西
2026-01-13-01-04,西
2026-01-13-01-05,西
2026-01-13-01-06,西
2026-01-13-01-07,西
2026-01-13-01-08,西
2026-01-13-01-09,西
2026-01-13-01-10,西
2026-01-13-01-11,西
2026-01-13-01-12,西
2026-01-13-02-03,西
2026-01-13-02-04,北西
2026-01-13-02-05,北西
2026-01-13-02-06,北西
2026-01-13-02-07,北西
2026-01-13-02-09,南西
2026-01-13-02-10,南西
2026-01-13-02-11,南西
2026-01-13-02-12,南西
2026-01-13-05-01,南
2026-01-13-05-02,南西
2026-01-13-05-03,南西
2026-01-13-05-04,南西
2026-01-13-05-05,南西
2026-01-13-05-06,南西
2026-01-13-05-07,南西
2026-01-13-05-08,南西
2026-01-13-05-09,南西
2026-01-13-05-10,南西
2026-01-13-05-11,南
2026-01-13-05-12,南西
2026-01-13-09-01,南東
2026-01-13-09-02,南東
2026-01-13-09-03,南東
2026-01-13-09-04,南東
2026-01-13-09-05,南東
2026-01-13-09-06,南東
2026-01-13-09-07,南東
2026-01-13-09-09,北西
2026-01-13-09-10,北西
2026-01-13-09-11,北西
2026-01-13-09-12,北西
2026-01-13-12-01,南
2026-01-13-12-02,南
2026-01-13-12-03,南
2026-01-13-12-04,南東
2026-01-13-12-07,南東
2026-01-13-12-08,北東
2026-01-13-12-09,北東
2026-01-13-12-10,北東
2026-01-13-12-11,北
2026-01-13-12-12,北
2026-01-13-13-01,西
2026-01-13-13-02,西
2026-01-13-13-03,南西
2026-01-13-13-04,南西
2026-01-13-13-05,西
2026-01-13-13-06,西
2026-01-13-13-07,西
2026-01-13-13-08,西
2026-01-13-13-09,南西
2026-01-13-13-10,南西
2026-01-13-13-11,西
2026-01-13-13-12,北西
2026-01-13-14-01,東
2026-01-13-14-02,東
2026-01-13-14-03,南東
2026-01-13-14-04,東
2026-01-13-14-05,西
2026-01-13-14-06,北西
2026-01-13-14-07,西
2026-01-13-14-08,北西
2026-01-13-14-09,北西
2026-01-13-14-10,西
2026-01-13-14-11,北西
2026-01-13-14-12,西
2026-01-13-15-01,南西
2026-01-13-15-02,北西
2026-01-13-15-03,北西
2026-01-13-15-04,北西
2026-01-13-15-05,北西
2026-01-13-15-06,北西
2026-01-13-17-01,南西
2026-01-13-17-02,南西
2026-01-13-17-03,南西
2026-01-13-17-04,西
2026-01-13-17-05,南西
2026-01-13-17-06,南西
2026-01-13-17-07,南西
2026-01-13-17-08,西
2026-01-13-17-09,西
2026-01-13-17-10,西
2026-01-13-17-11,西
2026-01-13-17-12,西
2026-01-13-18-01,南西
2026-01-13-18-02,南東
2026-01-13-18-03,南東
2026-01-13-18-04,南東
2026-01-13-18-05,南西
2026-01-13-18-06,南西
2026-01-13-18-07,南
2026-01-13-18-08,南西
2026-01-13-18-09,南西
2026-01-13-18-10,東
2026-01-13-18-11,南
2026-01-13-18-12,東
2026-01-13-19-01,西
2026-01-13-19-02,北西
2026-01-13-19-03,西
2026-01-13-19-04,北西
2026-01-13-19-05,北西
2026-01-13-19-06,西
2026-01-13-19-07,北西
2026-01-13-19-08,北西
2026-01-13-19-09,北西
2026-01-13-19-10,北西
2026-01-13-19-11,北西
2026-01-13-19-12,西
2026-01-13-20-01,西
2026-01-13-20-02,西
2026-01-13-20-03,西
2026-01-13-20-04,北西
2026-01-13-20-05,北西
2026-01-13-20-06,北西
2026-01-13-20-07,西
2026-01-13-20-08,西
2026-01-13-20-09,西
2026-01-13-20-10,北西
2026-01-13-20-11,西
2026-01-13-20-12,西
2026-01-13-21-01,西
2026-01-13-21-02,西
2026-01-13-21-03,西
2026-01-13-21-04,西
2026-01-13-21-05,西
2026-01-13-21-06,西
2026-01-13-21-07,西
2026-01-13-21-08,西
2026-01-13-21-09,西
2026-01-13-21-10,西
2026-01-13-21-11,西
2026-01-13-21-12,西
2026-01-14-01-01,西
2026-01-14-01-02,西
2026-01-14-01-03,北西
2026-01-14-01-04,西
2026-01-14-01-05,西
2026-01-14-01-06,西
2026-01-14-01-07,西
2026-01-14-01-08,西
2026-01-14-01-09,西
2026-01-14-01-10,西
2026-01-14-01-11,西
2026-01-14-01-12,西
2026-01-14-02-01,南西
2026-01-14-02-02,北
2026-01-14-02-03,北西
2026-01-14-02-04,北
2026-01-14-02-05,西
2026-01-14-02-06,北西
2026-01-14-02-07,北西
2026-01-14-02-08,北
2026-01-14-02-09,北
2026-01-14-02-10,北
2026-01-14-02-11,北
2026-01-14-02-12,北
2026-01-14-03-01,北
2026-01-14-03-02,北西
2026-01-14-03-03,北西
2026-01-14-03-04,北
2026-01-14-03-05,北西
2026-01-14-03-06,北西
2026-01-14-03-07,北西
2026-01-14-03-08,北西
2026-01-14-03-09,北西
2026-01-14-03-10,北西
2026-01-14-03-11,北西
2026-01-14-03-12,北西
2026-01-14-04-01,北
2026-01-14-04-02,北
2026-01-14-04-03,北
2026-01-14-04-05,北
2026-01-14-04-06,北
2026-01-14-04-08,北
2026-01-14-04-09,南
2026-01-14-04-10,北
2026-01-14-04-12,北
2026-01-14-05-01,北
2026-01-14-05-02,北東
2026-01-14-05-03,西
2026-01-14-05-04,東
2026-01-14-05-05,東
2026-01-14-05-07,北西
2026-01-14-05-08,東
2026-01-14-05-09,北
2026-01-14-05-10,北
2026-01-14-05-11,南
2026-01-14-05-12,東
2026-01-14-07-01,北西
2026-01-14-07-02,北西
2026-01-14-07-03,北西
2026-01-14-07-04,北西
2026-01-14-07-05,北西
2026-01-14-07-06,北西
2026-01-14-07-07,北西
2026-01-14-07-08,北西
2026-01-14-07-09,北西
2026-01-14-07-10,北西
2026-01-14-07-11,北西
2026-01-14-07-12,北西
2026-01-14-12-02,南東
2026-01-14-12-03,南東
2026-01-14-12-04,南東
2026-01-14-12-05,南東
2026-01-14-12-06,南
2026-01-14-12-07,南東
2026-01-14-12-10,南
2026-01-14-13-01,西
2026-01-14-13-02,西
2026-01-14-13-03,西
2026-01-14-13-04,南西
2026-01-14-13-05,南東
2026-01-14-13-06,西
2026-01-14-13-07,南西
2026-01-14-13-08,南西
2026-01-14-13-09,南西
2026-01-14-13-10,南
2026-01-14-13-11,南西
2026-01-14-13-12,南西
2026-01-14-14-01,北西
2026-01-14-14-02,北西
2026-01-14-14-03,北西
2026-01-14-14-04,北西
2026-01-14-14-05,北西
2026-01-14-14-06,北西
2026-01-14-14-07,北西
2026-01-14-14-08,北西
2026-01-14-14-09,北西
2026-01-14-14-10,北西
2026-01-14-14-11,北西
2026-01-14-14-12,北西
2026-01-14-15-01,南西
2026-01-14-15-02,南西
2026-01-14-15-03,南西
2026-01-14-15-04,南西
2026-01-14-15-05,南西
2026-01-14-15-06,南西
2026-01-14-15-07,北西
2026-01-14-15-08,北西
2026-01-14-15-09,北西
2026-01-14-15-10,北西
2026-01-14-15-11,北西
2026-01-14-15-12,北西
2026-01-14-16-01,北西
2026-01-14-16-02,北西
2026-01-14-16-03,北西
2026-01-14-16-04,南西
2026-01-14-16-05,北西
2026-01-14-16-06,北西
2026-01-14-16-07,北東
2026-01-14-16-08,南西
2026-01-14-16-09,北西
2026-01-14-16-10,南西
2026-01-14-16-11,北西
2026-01-14-16-12,北
2026-01-14-19-01,西
2026-01-14-19-02,西
2026-01-14-19-03,北
2026-01-14-19-04,北
2026-01-14-19-05,北西
2026-01-14-19-06,北
2026-01-14-19-07,北東
2026-01-14-19-08,北東
2026-01-14-19-09,北東
2026-01-14-19-10,北東
2026-01-14-19-11,北東
2026-01-14-19-12,北東
2026-01-14-21-01,西
2026-01-14-21-02,西
2026-01-14-21-03,西
2026-01-14-21-04,西
2026-01-14-21-05,北
2026-01-14-21-06,北西
2026-01-14-21-07,北西
2026-01-14-21-08,北西
2026-01-14-21-09,北西
2026-01-14-21-10,北西
2026-01-14-21-11,北
2026-01-14-21-12,北
2026-01-14-22-01,北
2026-01-14-22-02,北東
2026-01-14-22-03,北東
2026-01-14-22-04,北東
2026-01-14-22-05,北東
2026-01-14-22-06,北東
2026-01-14-22-07,北東
2026-01-14-22-08,北
2026-01-14-22-09,北東
2026-01-14-22-10,北東
2026-01-14-22-11,北東
2026-01-14-22-12,北東
2026-01-14-23-01,南
2026-01-14-23-02,南
2026-01-14-23-03,南
2026-01-14-23-04,南
2026-01-14-23-06,北東
2026-01-14-23-07,北東
2026-01-14-23-08,北
2026-01-14-23-09,北
2026-01-14-23-10,北
2026-01-14-23-11,北
2026-01-14-23-12,北
2026-01-15-01-01,東
2026-01-15-01-02,東
2026-01-15-01-03,東
2026-01-15-01-04,東
2026-01-15-01-09,西
2026-01-15-01-10,西
2026-01-15-01-11,北西
2026-01-15-01-12,西
2026-01-15-03-01,北東
2026-01-15-03-02,北東
2026-01-15-03-03,南東
2026-01-15-03-04,南西
2026-01-15-03-05,南
2026-01-15-03-06,南
2026-01-15-03-07,南
2026-01-15-03-08,南
2026-01-15-03-09,南
2026-01-15-03-10,南
2026-01-15-03-11,南
2026-01-15-03-12,南
2026-01-15-04-01,北
2026-01-15-04-02,南
2026-01-15-04-03,南
2026-01-15-04-04,南
2026-01-15-04-05,南
2026-01-15-04-06,南
2026-01-15-04-07,南
2026-01-15-04-08,南
2026-01-15-04-09,南
2026-01-15-04-10,南
2026-01-15-04-11,南
2026-01-15-04-12,南
2026-01-15-05-02,南東
2026-01-15-05-03,南東
2026-01-15-05-04,南東
2026-01-15-05-05,南西
2026-01-15-05-06,南
2026-01-15-05-07,南
2026-01-15-05-08,南
2026-01-15-05-09,南
2026-01-15-05-10,南
2026-01-15-05-11,南
2026-01-15-05-12,南
2026-01-15-06-01,西
2026-01-15-06-02,西
2026-01-15-06-03,西
2026-01-15-06-04,西
2026-01-15-06-05,西
2026-01-15-06-06,西
2026-01-15-06-07,西
2026-01-15-06-08,西
2026-01-15-06-09,西
2026-01-15-06-10,西
2026-01-15-06-11,西
2026-01-15-06-12,西
2026-01-15-07-02,南西
2026-01-15-07-04,東
2026-01-15-07-05,北東
2026-01-15-07-08,西
2026-01-15-07-09,西
2026-01-15-07-10,西
2026-01-15-07-11,西
2026-01-15-09-01,南東
2026-01-15-09-02,南東
2026-01-15-09-03,東
2026-01-15-09-04,東
2026-01-15-09-05,東
2026-01-15-09-06,東
2026-01-15-09-07,東
2026-01-15-09-08,東
2026-01-15-09-09,東
2026-01-15-09-10,東
2026-01-15-09-11,東
2026-01-15-09-12,東
2026-01-15-12-03,北
2026-01-15-12-04,北東
2026-01-15-12-11,北
2026-01-15-14-01,南東
2026-01-15-14-02,東
2026-01-15-14-03,東
2026-01-15-14-04,南東
2026-01-15-14-05,南東
2026-01-15-14-06,南西
2026-01-15-14-07,南東
2026-01-15-14-08,南東
2026-01-15-14-09,南東
2026-01-15-14-10,南
2026-01-15-14-11,南東
2026-01-15-14-12,南東
2026-01-15-16-01,北西
2026-01-15-16-02,北東
2026-01-15-16-03,南東
2026-01-15-16-04,南
2026-01-15-16-05,南東
2026-01-15-16-06,南東
2026-01-15-16-07,南東
2026-01-15-16-08,南東
2026-01-15-16-09,南東
2026-01-15-16-10,南東
2026-01-15-16-11,南東
2026-01-15-16-12,南東
2026-01-15-21-01,南西
2026-01-15-21-02,南西
2026-01-15-21-03,南
2026-01-15-21-04,南
2026-01-15-21-05,南
2026-01-15-21-06,南
2026-01-15-21-07,南西
2026-01-15-21-08,南西
2026-01-15-21-09,南西
2026-01-15-21-10,南西
2026-01-15-21-11,南西
2026-01-15-21-12,南西
2026-01-15-22-01,南
2026-01-15-22-02,南
2026-01-15-22-03,南
2026-01-15-22-04,南
2026-01-15-22-05,南
2026-01-15-22-06,南西
2026-01-15-22-07,南
2026-01-15-22-08,南
2026-01-15-22-09,南西
2026-01-15-22-10,南西
2026-01-15-22-11,南西
2026-01-15-22-12,南
2026-01-15-23-01,南西
2026-01-15-23-02,南西
2026-01-15-23-03,南
2026-01-15-23-04,南西
2026-01-15-23-05,南西
2026-01-15-23-06,南西
2026-01-15-23-07,南西
2026-01-15-23-08,南西
2026-01-15-23-09,南西
2026-01-15-23-10,南
2026-01-15-23-11,南
2026-01-15-23-12,南
2026-01-15-24-01,南西
2026-01-15-24-02,南西
2026-01-15-24-03,南西
2026-01-15-24-04,南西
2026-01-15-24-05,北東
2026-01-15-24-06,南東
2026-01-15-24-07,北
2026-01-15-24-09,南東
2026-01-15-24-10,南西
2026-01-15-24-11,南東
2026-01-15-24-12,北西
2026-01-16-01-01,北西
2026-01-16-01-02,北西
2026-01-16-01-03,北西
2026-01-16-01-04,北西
2026-01-16-01-05,北西
2026-01-16-01-06,北西
2026-01-16-01-07,西
2026-01-16-01-08,西
2026-01-16-01-09,北西
2026-01-16-01-10,北西
2026-01-16-01-11,西
2026-01-16-01-12,西
2026-01-16-04-01,北
2026-01-16-04-02,北
2026-01-16-04-03,北
2026-01-16-04-04,北
2026-01-16-04-05,北
2026-01-16-04-06,北
2026-01-16-04-07,北
2026-01-16-04-08,北
2026-01-16-04-09,北
2026-01-16-04-10,南
2026-01-16-04-11,南
2026-01-16-06-01,北西
2026-01-16-06-02,北西
2026-01-16-06-03,北西
2026-01-16-06-04,北西
2026-01-16-06-05,北西
2026-01-16-06-06,北西
2026-01-16-06-07,北西
2026-01-16-06-08,北西
2026-01-16-06-09,北西
2026-01-16-06-10,北西
2026-01-16-06-11,北西
2026-01-16-06-12,北西
2026-01-16-07-01,北西
2026-01-16-07-02,北西
2026-01-16-07-03,北西
2026-01-16-07-04,北西
2026-01-16-07-05,北西
2026-01-16-07-06,北西
2026-01-16-07-07,北西
2026-01-16-07-08,北西
2026-01-16-07-09,北西
2026-01-16-07-10,北西
2026-01-16-07-11,北西
2026-01-16-07-12,北西
2026-01-16-09-02,東
2026-01-16-09-03,東
2026-01-16-09-04,東
2026-01-16-09-05,南東
2026-01-16-09-07,東
2026-01-16-09-08,南東
2026-01-16-09-09,南東
2026-01-16-09-10,南東
2026-01-16-09-11,東
2026-01-16-09-12,東
2026-01-16-11-01,北東
2026-01-16-11-04,南
2026-01-16-11-05,北東
2026-01-16-11-06,北東
2026-01-16-11-07,北東
2026-01-16-11-08,北
2026-01-16-11-09,北東
2026-01-16-11-10,北東
2026-01-16-11-11,北東
2026-01-16-11-12,北東
2026-01-16-12-01,北東
2026-01-16-14-01,北
2026-01-16-14-02,北
2026-01-16-14-03,北西
2026-01-16-14-04,北西
2026-01-16-14-05,北西
2026-01-16-14-06,北西
2026-01-16-14-07,北
2026-01-16-14-08,北西
2026-01-16-14-10,北西
2026-01-16-14-11,北西
2026-01-16-14-12,北西
2026-01-16-16-01,南
2026-01-16-16-02,南東
2026-01-16-16-03,南東
2026-01-16-16-04,南東
2026-01-16-16-05,南東
2026-01-16-16-06,南
2026-01-16-16-07,北西
2026-01-16-16-08,北西
2026-01-16-16-09,北東
2026-01-16-16-10,南東
2026-01-16-16-11,南西
2026-01-16-16-12,南西
2026-01-16-21-01,北
2026-01-16-21-02,東
2026-01-16-21-03,北東
2026-01-16-21-04,南
2026-01-16-21-05,東
2026-01-16-21-06,東
2026-01-16-21-07,東
2026-01-16-21-08,北東
2026-01-16-21-09,北東
2026-01-16-21-10,東
2026-01-16-21-11,北
2026-01-16-21-12,北
2026-01-16-22-01,南
2026-01-16-22-02,南
2026-01-16-22-03,南
2026-01-16-22-04,南
2026-01-16-22-05,南
2026-01-16-22-06,南
2026-01-16-22-07,南
2026-01-16-22-08,北
2026-01-16-22-09,北
2026-01-16-22-10,北
2026-01-16-22-11,北
2026-01-16-22-12,北
2026-01-16-23-01,南
2026-01-16-23-02,南
2026-01-16-23-03,南
2026-01-16-23-04,南西
2026-01-16-23-05,南西
2026-01-16-23-06,南西
2026-01-16-23-07,南西
2026-01-16-23-08,南
2026-01-16-23-09,南
2026-01-16-23-10,南
2026-01-16-23-11,南西
2026-01-16-23-12,北
2026-01-16-24-01,南西
2026-01-16-24-02,南西
2026-01-16-24-03,北西
2026-01-16-24-04,北
2026-01-16-24-05,南西
2026-01-16-24-06,東
2026-01-16-24-07,南東
2026-01-16-24-08,北東
2026-01-16-24-09,南東
2026-01-16-24-11,南東
2026-01-16-24-12,北東
2026-01-17-01-01,西
2026-01-17-01-02,西
2026-01-17-01-03,西
2026-01-17-01-04,西
2026-01-17-01-05,西
2026-01-17-01-06,西
2026-01-17-01-07,北西
2026-01-17-01-08,北西
2026-01-17-01-09,西
2026-01-17-01-10,西
2026-01-17-01-11,西
2026-01-17-01-12,西
2026-01-17-02-08,南東
2026-01-17-04-02,南
2026-01-17-04-06,北
2026-01-17-04-07,南
2026-01-17-04-08,南
2026-01-17-04-09,南
2026-01-17-04-10,南
2026-01-17-04-11,北
2026-01-17-06-01,北西
2026-01-17-06-02,北西
2026-01-17-06-03,北西
2026-01-17-06-04,西
2026-01-17-06-05,西
2026-01-17-06-06,西
2026-01-17-06-07,北西
2026-01-17-06-08,北西
2026-01-17-06-09,北西
2026-01-17-06-10,北西
2026-01-17-06-11,北西
2026-01-17-06-12,北西
2026-01-17-07-01,北西
2026-01-17-07-02,北西
2026-01-17-07-03,北西
2026-01-17-07-04,北西
2026-01-17-07-05,北西
2026-01-17-07-06,北西
2026-01-17-07-07,北西
2026-01-17-07-08,北西
2026-01-17-07-09,北西
2026-01-17-07-10,北西
2026-01-17-07-11,北西
2026-01-17-07-12,北西
2026-01-17-09-01,東
2026-01-17-09-02,東
2026-01-17-09-03,東
2026-01-17-09-06,東
2026-01-17-09-07,東
2026-01-17-09-08,東
2026-01-17-09-09,東
2026-01-17-09-10,東
2026-01-17-09-11,東
2026-01-17-11-01,北東
2026-01-17-11-04,北東
2026-01-17-11-05,北東
2026-01-17-11-06,北東
2026-01-17-11-07,北東
2026-01-17-11-08,北
2026-01-17-13-01,東
2026-01-17-13-02,南
2026-01-17-13-03,南東
2026-01-17-13-04,南西
2026-01-17-13-05,南
2026-01-17-13-06,西
2026-01-17-13-07,南西
2026-01-17-13-08,南
2026-01-17-13-09,西
2026-01-17-13-10,西
2026-01-17-13-11,南西
2026-01-17-14-01,北西
2026-01-17-14-02,北西
2026-01-17-14-03,西
2026-01-17-14-04,北西
2026-01-17-14-05,北西
2026-01-17-14-06,北西
2026-01-17-14-07,北西
2026-01-17-14-08,北東
2026-01-17-14-09,北西
2026-01-17-14-10,北西
2026-01-17-14-11,北西
2026-01-17-14-12,北西
2026-01-17-15-01,南西
2026-01-17-15-02,南西
2026-01-17-15-03,南西
2026-01-17-15-04,南西
2026-01-17-15-05,南西
2026-01-17-15-06,南西
2026-01-17-15-07,南
2026-01-17-15-08,北東
2026-01-17-15-09,北
2026-01-17-15-10,東
2026-01-17-15-11,北東
2026-01-17-15-12,北東
2026-01-17-16-01,南
2026-01-17-16-02,南東
2026-01-17-16-03,北東
2026-01-17-16-04,北東
2026-01-17-16-05,南
2026-01-17-16-06,北西
2026-01-17-16-07,南東
2026-01-17-16-08,南東
2026-01-17-16-09,北東
2026-01-17-16-11,南西
2026-01-17-16-12,南西
2026-01-17-18-01,東
2026-01-17-18-02,北東
2026-01-17-18-03,南西
2026-01-17-18-04,東
2026-01-17-18-05,南西
2026-01-17-18-06,南
2026-01-17-18-07,南
2026-01-17-18-08,南
2026-01-17-18-09,南西
2026-01-17-18-10,南西
2026-01-17-18-11,南西
2026-01-17-18-12,西
2026-01-17-21-01,南
2026-01-17-21-02,南
2026-01-17-21-03,北西
2026-01-17-21-04,北西
2026-01-17-21-05,北西
2026-01-17-21-06,北西
2026-01-17-21-07,北西
2026-01-17-21-08,北西
2026-01-17-21-09,北
2026-01-17-21-10,北
2026-01-17-21-11,北
2026-01-17-21-12,北
2026-01-17-22-01,南
2026-01-17-22-02,南
2026-01-17-22-03,南
2026-01-17-22-04,北
2026-01-17-22-05,北
2026-01-17-22-06,北
2026-01-17-22-07,北
2026-01-17-22-08,北
2026-01-17-22-09,北
2026-01-17-22-10,北
2026-01-17-22-11,北
2026-01-17-22-12,北
2026-01-17-23-01,南
2026-01-17-23-02,南
2026-01-17-23-03,南
2026-01-17-23-04,南西
2026-01-17-23-05,南西
2026-01-17-23-06,南西
2026-01-17-23-07,南
2026-01-17-23-08,南西
2026-01-17-23-09,西
2026-01-17-23-10,北
2026-01-17-23-11,北東
2026-01-17-23-12,北
2026-01-17-24-01,北西
2026-01-17-24-02,北西
2026-01-17-24-03,南西
2026-01-17-24-04,南東
2026-01-17-24-05,東
2026-01-17-24-06,南東
2026-01-17-24-07,東
2026-01-17-24-08,北東
2026-01-17-24-09,北東
2026-01-17-24-10,南東
2026-01-17-24-11,南東
2026-01-17-24-12,北東
2026-01-18-02-01,北
2026-01-18-02-02,北西
2026-01-18-02-03,北西
2026-01-18-02-04,北西
2026-01-18-02-05,北東
2026-01-18-02-06,北西
2026-01-18-02-08,北東
2026-01-18-02-10,北東
2026-01-18-02-11,北東
2026-01-18-04-02,北東
2026-01-18-04-03,北東
2026-01-18-04-04,北東
2026-01-18-04-05,北
2026-01-18-04-06,北
2026-01-18-04-07,南東
2026-01-18-04-08,南東
2026-01-18-04-09,東
2026-01-18-04-10,東
2026-01-18-04-12,北
2026-01-18-06-01,北西
2026-01-18-06-02,西
2026-01-18-06-03,北西
2026-01-18-06-04,西
2026-01-18-06-05,西
2026-01-18-06-06,北西
2026-01-18-06-07,北西
2026-01-18-06-08,北西
2026-01-18-06-09,西
2026-01-18-06-10,北西
2026-01-18-06-11,北西
2026-01-18-06-12,北西
2026-01-18-07-01,北西
2026-01-18-07-02,北西
2026-01-18-07-03,北西
2026-01-18-07-04,北西
2026-01-18-07-05,南東
2026-01-18-07-06,北西
2026-01-18-07-07,北西
2026-01-18-07-08,南東
2026-01-18-08-01,北西
2026-01-18-08-02,北西
2026-01-18-08-03,北西
2026-01-18-08-04,北西
2026-01-18-08-05,北西
2026-01-18-08-06,北
2026-01-18-08-07,北
2026-01-18-08-08,北
2026-01-18-08-09,北
2026-01-18-08-10,北
2026-01-18-08-11,北
2026-01-18-08-12,北
2026-01-18-09-01,西
2026-01-18-09-02,西
2026-01-18-09-03,西
2026-01-18-09-04,西
2026-01-18-09-05,北西
2026-01-18-09-06,北西
2026-01-18-09-07,北西
2026-01-18-09-08,北西
2026-01-18-09-09,北西
2026-01-18-09-10,北西
2026-01-18-09-11,北西
2026-01-18-09-12,北西
2026-01-18-11-02,北東
2026-01-18-11-03,北東
2026-01-18-11-04,北東
2026-01-18-11-05,北東
2026-01-18-11-06,北東
2026-01-18-11-08,東
2026-01-18-11-12,北東
2026-01-18-13-01,東
2026-01-18-13-02,東
2026-01-18-13-03,北東
2026-01-18-13-04,東
2026-01-18-13-05,東
2026-01-18-13-06,北東
2026-01-18-13-07,東
2026-01-18-13-08,南東
2026-01-18-13-09,東
2026-01-18-13-10,東
2026-01-18-13-11,東
2026-01-18-13-12,北東
2026-01-18-15-01,北
2026-01-18-15-02,北東
2026-01-18-15-03,東
2026-01-18-15-04,東
2026-01-18-15-05,東
2026-01-18-15-06,南東
2026-01-18-15-07,南東
2026-01-18-15-08,東
2026-01-18-15-09,北
2026-01-18-15-10,南西
2026-01-18-15-11,南西
2026-01-18-15-12,南西
2026-01-18-16-01,南東
2026-01-18-16-02,北西
2026-01-18-16-03,南東
2026-01-18-16-04,南東
2026-01-18-16-05,南東
2026-01-18-16-06,南東
2026-01-18-16-07,南東
2026-01-18-16-08,南西
2026-01-18-16-09,南東
2026-01-18-16-10,南東
2026-01-18-16-11,南
2026-01-18-16-12,北東
2026-01-18-18-01,北東
2026-01-18-18-02,北
2026-01-18-18-03,北東
2026-01-18-18-04,北東
2026-01-18-18-05,東
2026-01-18-18-06,南東
2026-01-18-18-07,南西
2026-01-18-18-08,南
2026-01-18-18-09,南西
2026-01-18-18-10,南
2026-01-18-18-11,南西
2026-01-18-18-12,南西
2026-01-18-19-01,南
2026-01-18-19-02,南
2026-01-18-19-03,南
2026-01-18-19-04,南東
2026-01-18-19-05,東
2026-01-18-19-06,北東
2026-01-18-19-07,北東
2026-01-18-19-08,北
2026-01-18-19-09,北
2026-01-18-19-10,北
2026-01-18-19-11,北
2026-01-18-19-12,東
2026-01-18-20-01,北東
2026-01-18-20-02,北東
2026-01-18-20-03,北東
2026-01-18-20-04,北東
2026-01-18-20-05,北東
2026-01-18-20-12,北西
2026-01-18-22-01,北西
2026-01-18-22-02,北
2026-01-18-22-03,北
2026-01-18-22-04,北
2026-01-18-22-05,北西
2026-01-18-22-06,北西
2026-01-18-22-07,北西
2026-01-18-22-08,北西
2026-01-18-22-09,北
2026-01-18-22-10,北
2026-01-18-22-11,北
2026-01-18-22-12,北
2026-01-18-23-01,南
2026-01-18-23-02,南
2026-01-18-23-03,南
2026-01-18-23-04,南
2026-01-18-23-06,北
2026-01-18-23-07,北
2026-01-18-23-08,北
2026-01-18-23-09,北
2026-01-18-23-10,北
2026-01-18-23-11,北
2026-01-18-23-12,北
2026-01-18-24-01,南西
2026-01-18-24-02,北
2026-01-18-24-03,南西
2026-01-18-24-04,南西
2026-01-18-24-05,南東
2026-01-18-24-06,南東
2026-01-18-24-07,南西
2026-01-18-24-08,南西
2026-01-18-24-09,東
2026-01-18-24-10,南東
2026-01-18-24-11,南東
2026-01-18-24-12,南西
2026-01-19-02-03,東
2026-01-19-02-05,東
2026-01-19-02-08,北東
2026-01-19-02-11,東
2026-01-19-06-01,北
2026-01-19-06-04,南
2026-01-19-06-05,南
2026-01-19-06-06,西
2026-01-19-06-07,南
2026-01-19-06-08,南
2026-01-19-06-09,南
2026-01-19-06-10,南
2026-01-19-06-11,南
2026-01-19-06-12,南
2026-01-19-07-01,南東
2026-01-19-07-02,南東
2026-01-19-07-03,東
2026-01-19-07-04,東
2026-01-19-07-05,東
2026-01-19-07-06,東
2026-01-19-07-08,南西
2026-01-19-07-10,西
2026-01-19-07-12,北
2026-01-19-08-01,西
2026-01-19-08-02,北
2026-01-19-08-03,西
2026-01-19-08-04,西
2026-01-19-08-05,西
2026-01-19-08-06,西
2026-01-19-08-07,西
2026-01-19-08-08,西
2026-01-19-08-09,西
2026-01-19-08-10,西
2026-01-19-08-11,西
2026-01-19-08-12,西
2026-01-19-09-01,東
2026-01-19-09-02,東
2026-01-19-09-03,東
2026-01-19-09-04,東
2026-01-19-09-05,東
2026-01-19-09-06,東
2026-01-19-09-07,南東
2026-01-19-09-08,東
2026-01-19-09-09,東
2026-01-19-09-10,南東
2026-01-19-09-11,南東
2026-01-19-09-12,南東
2026-01-19-11-01,東
2026-01-19-11-09,北東
2026-01-19-11-10,北東
2026-01-19-11-11,北東
2026-01-19-11-12,北東
2026-01-19-13-06,西
2026-01-19-13-07,南西
2026-01-19-13-08,南西
2026-01-19-13-09,西
2026-01-19-13-10,西
2026-01-19-13-11,南
2026-01-19-13-12,南
2026-01-19-15-01,南西
2026-01-19-15-02,南西
2026-01-19-15-03,南西
2026-01-19-15-04,南西
2026-01-19-15-05,南西
2026-01-19-15-06,北西
2026-01-19-15-07,北西
2026-01-19-15-08,北西
2026-01-19-15-09,南西
2026-01-19-15-10,南西
2026-01-19-15-11,南
2026-01-19-15-12,南西
2026-01-19-16-01,南東
2026-01-19-16-02,南
2026-01-19-16-03,南東
2026-01-19-16-04,南東
2026-01-19-16-05,南
2026-01-19-16-06,南
2026-01-19-16-07,南
2026-01-19-16-08,南
2026-01-19-16-09,南
2026-01-19-16-10,南西
2026-01-19-16-11,南
2026-01-19-16-12,北東
2026-01-19-18-01,北東
2026-01-19-18-02,東
2026-01-19-18-03,東
2026-01-19-18-04,南
2026-01-19-18-05,南
2026-01-19-18-06,南
2026-01-19-18-07,南
2026-01-19-18-08,南
2026-01-19-18-09,南西
2026-01-19-18-10,南
2026-01-19-18-11,南西
2026-01-19-18-12,南西
2026-01-19-19-01,西
2026-01-19-19-02,西
2026-01-19-19-03,西
2026-01-19-19-04,南西
2026-01-19-19-05,南西
2026-01-19-19-06,西
2026-01-19-19-07,西
2026-01-19-19-08,北西
2026-01-19-19-09,北西
2026-01-19-19-10,北
2026-01-19-19-11,北
2026-01-19-19-12,北
2026-01-19-20-01,西
2026-01-19-20-02,西
2026-01-19-20-03,北西
2026-01-19-20-04,北西
2026-01-19-20-05,北西
2026-01-19-20-06,北西
2026-01-19-20-07,西
2026-01-19-20-08,西
2026-01-19-20-09,北西
2026-01-19-20-10,北西
2026-01-19-20-11,北西
2026-01-19-20-12,北西
2026-01-19-22-01,北
2026-01-19-22-02,北
2026-01-19-22-03,北
2026-01-19-22-04,北
2026-01-19-22-05,北
2026-01-19-22-06,北
2026-01-19-22-07,北
2026-01-19-22-08,北
2026-01-19-22-09,北
2026-01-19-22-10,北西
2026-01-19-22-11,北西
2026-01-19-22-12,北西
2026-01-19-23-01,南
2026-01-19-23-02,南
2026-01-19-23-03,南西
2026-01-19-23-06,北
2026-01-19-23-07,北
2026-01-19-23-08,北
2026-01-19-23-09,北
2026-01-19-23-10,北東
2026-01-19-23-11,北西
2026-01-19-23-12,北西
2026-01-19-24-01,北西
2026-01-19-24-02,北西
2026-01-19-24-03,北西
2026-01-19-24-04,北西
2026-01-19-24-05,北西
2026-01-19-24-06,北西
2026-01-19-24-07,北西
2026-01-19-24-08,北西
2026-01-19-24-09,北西
2026-01-19-24-10,北西
2026-01-19-24-11,北西
2026-01-19-24-12,北西
2026-01-20-02-01,北西
2026-01-20-02-02,北西
2026-01-20-02-03,北西
2026-01-20-02-04,北西
2026-01-20-02-05,北西
2026-01-20-02-06,北西
2026-01-20-02-07,北西
2026-01-20-02-08,北西
2026-01-20-02-09,北西
2026-01-20-02-10,北西
2026-01-20-02-11,北西
2026-01-20-02-12,北西
2026-01-20-06-01,北西
2026-01-20-06-02,北西
2026-01-20-06-03,北西
2026-01-20-06-04,北西
2026-01-20-06-05,北西
2026-01-20-06-06,北西
2026-01-20-06-07,北西
2026-01-20-06-08,北西
2026-01-20-06-09,北西
2026-01-20-06-10,北西
2026-01-20-06-11,北西
2026-01-20-06-12,北西
2026-01-20-08-01,北東
2026-01-20-08-02,北
2026-01-20-08-03,北
2026-01-20-08-04,北
2026-01-20-08-05,北
2026-01-20-08-06,北西
2026-01-20-08-07,北
2026-01-20-08-08,北
2026-01-20-08-09,北
2026-01-20-08-10,北
2026-01-20-08-11,北
2026-01-20-08-12,北
2026-01-20-09-01,北西
2026-01-20-09-02,西
2026-01-20-09-03,西
2026-01-20-09-04,西
2026-01-20-09-05,西
2026-01-20-09-06,西
2026-01-20-11-01,北東
2026-01-20-11-02,北東
2026-01-20-11-03,北東
2026-01-20-11-04,北東
2026-01-20-11-05,北東
2026-01-20-11-06,北東
2026-01-20-11-07,北東
2026-01-20-11-08,北東
2026-01-20-11-09,北東
2026-01-20-11-10,北東
2026-01-20-11-11,北
2026-01-20-11-12,北西
2026-01-20-13-01,東
2026-01-20-13-02,東
2026-01-20-13-03,東
2026-01-20-13-04,北東
2026-01-20-13-05,北東
2026-01-20-13-06,東
2026-01-20-13-07,南東
2026-01-20-13-08,北西
2026-01-20-13-09,南東
2026-01-20-13-10,北東
2026-01-20-13-11,西
2026-01-20-13-12,東
2026-01-20-15-01,北
2026-01-20-15-02,北
2026-01-20-15-03,北東
2026-01-20-15-04,北
2026-01-20-15-05,北
2026-01-20-15-06,北
2026-01-20-15-07,北東
2026-01-20-15-08,北
2026-01-20-15-09,北
2026-01-20-15-10,北東
2026-01-20-15-11,北
2026-01-20-15-12,北東
2026-01-20-17-01,北東
2026-01-20-17-02,北東
2026-01-20-17-03,東
2026-01-20-17-04,北東
2026-01-20-17-05,北
2026-01-20-17-06,北東
2026-01-20-17-07,北東
2026-01-20-17-08,北東
2026-01-20-17-09,北東
2026-01-20-17-10,北東
2026-01-20-17-11,北
2026-01-20-17-12,北東
2026-01-20-18-01,北
2026-01-20-18-02,北東
2026-01-20-18-03,北
2026-01-20-18-04,北東
2026-01-20-18-05,北東
2026-01-20-18-06,西
2026-01-20-18-07,北西
2026-01-20-18-08,北西
2026-01-20-18-09,西
2026-01-20-18-10,西
2026-01-20-18-11,南西
2026-01-20-18-12,東
2026-01-20-19-01,北東
2026-01-20-19-02,北東
2026-01-20-19-03,北東
2026-01-20-19-04,北東
2026-01-20-19-05,北東
2026-01-20-19-06,北東
2026-01-20-19-07,北東
2026-01-20-19-08,北東
2026-01-20-19-09,北東
2026-01-20-19-10,北東
2026-01-20-19-11,北東
2026-01-20-19-12,北東
2026-01-20-20-01,北東
2026-01-20-20-02,北東
2026-01-20-20-03,北東
2026-01-20-20-04,北東
2026-01-20-20-05,北東
2026-01-20-20-06,北東
2026-01-20-20-07,北東
2026-01-20-20-08,北東
2026-01-20-20-09,北東
2026-01-20-20-10,北東
2026-01-20-20-11,北東
2026-01-20-20-12,北東
2026-01-20-24-01,北
2026-01-20-24-02,北
2026-01-20-24-03,北
2026-01-20-24-04,北
2026-01-20-24-05,北
2026-01-20-24-06,北
2026-01-20-24-07,北西
2026-01-20-24-08,北
2026-01-20-24-09,北
2026-01-20-24-10,北
2026-01-20-24-11,北
2026-01-20-24-12,北
2026-01-21-01-01,北西
2026-01-21-01-02,西
2026-01-21-01-03,北西
2026-01-21-01-04,北西
2026-01-21-01-05,北西
2026-01-21-01-06,北西
2026-01-21-01-07,北西
2026-01-21-01-10,西
2026-01-21-01-11,東
2026-01-21-02-01,北西
2026-01-21-02-02,北西
2026-01-21-02-03,北西
2026-01-21-02-04,北西
2026-01-21-02-05,北西
2026-01-21-02-06,北西
2026-01-21-02-07,北西
2026-01-21-02-08,北西
2026-01-21-02-09,北東
2026-01-21-02-11,北西
2026-01-21-04-01,北
2026-01-21-04-02,北
2026-01-21-04-03,北
2026-01-21-04-04,北
2026-01-21-04-05,北西
2026-01-21-04-06,北西
2026-01-21-04-07,北
2026-01-21-04-08,北
2026-01-21-04-09,南
2026-01-21-04-10,南
2026-01-21-04-11,南
2026-01-21-04-12,南
2026-01-21-08-01,北西
2026-01-21-08-02,北
2026-01-21-08-03,北西
2026-01-21-08-04,北西
2026-01-21-08-05,北
2026-01-21-08-06,北西
2026-01-21-08-07,北西
2026-01-21-08-08,北西
2026-01-21-08-09,西
2026-01-21-08-10,北西
2026-01-21-08-11,北西
2026-01-21-08-12,北西
2026-01-21-10-01,南東
2026-01-21-10-02,南東
2026-01-21-10-04,南東
2026-01-21-10-05,南東
2026-01-21-10-07,南東
2026-01-21-10-08,南東
2026-01-21-10-09,南東
2026-01-21-10-10,南東
2026-01-21-10-11,南東
2026-01-21-10-12,南東
2026-01-21-11-01,南西
2026-01-21-11-02,南西
2026-01-21-11-03,南西
2026-01-21-11-04,西
2026-01-21-11-05,北西
2026-01-21-11-06,南西
2026-01-21-11-07,南西
2026-01-21-11-08,南
2026-01-21-11-09,南西
2026-01-21-11-10,南西
2026-01-21-11-11,南西
2026-01-21-11-12,南西
2026-01-21-14-01,北東
2026-01-21-14-03,北
2026-01-21-14-04,北
2026-01-21-14-05,西
2026-01-21-14-06,北西
2026-01-21-14-07,北西
2026-01-21-14-08,北西
2026-01-21-14-09,北西
2026-01-21-14-10,北西
2026-01-21-14-11,北西
2026-01-21-14-12,北西
2026-01-21-15-01,北西
2026-01-21-15-02,北西
2026-01-21-15-03,北西
2026-01-21-15-04,北西
2026-01-21-15-05,北西
2026-01-21-15-06,北西
2026-01-21-16-01,南西
2026-01-21-16-02,北西
2026-01-21-16-03,北西
2026-01-21-16-04,北西
2026-01-21-16-05,北西
2026-01-21-16-06,北西
2026-01-21-16-07,北西
2026-01-21-16-08,北西
2026-01-21-16-09,北西
2026-01-21-16-10,北西
2026-01-21-16-11,北西
2026-01-21-16-12,北
2026-01-21-17-02,南東
2026-01-21-17-03,南
2026-01-21-17-05,西
2026-01-21-17-06,西
2026-01-21-17-07,北西
2026-01-21-17-08,西
2026-01-21-17-09,北西
2026-01-21-17-10,西
2026-01-21-17-11,西
2026-01-21-17-12,北
2026-01-21-18-01,西
2026-01-21-18-02,北東
2026-01-21-18-03,北西
2026-01-21-18-04,北東
2026-01-21-18-05,北東
2026-01-21-18-06,東
2026-01-21-18-07,北東
2026-01-21-18-08,東
2026-01-21-18-09,北東
2026-01-21-18-10,北東
2026-01-21-18-11,北東
2026-01-21-18-12,北東
2026-01-21-19-01,北西
2026-01-21-19-02,北西
2026-01-21-19-03,北西
2026-01-21-19-04,北西
2026-01-21-19-05,北西
2026-01-21-19-06,北西
2026-01-21-19-07,北西
2026-01-21-19-08,北西
2026-01-21-19-09,北西
2026-01-21-19-10,北西
2026-01-21-19-11,北西
2026-01-21-19-12,北西
2026-01-21-20-01,北西
2026-01-21-20-02,北西
2026-01-21-20-03,北西
2026-01-21-20-04,北西
2026-01-21-20-05,北西
2026-01-21-20-06,北西
2026-01-21-20-07,北西
2026-01-21-20-08,北西
2026-01-21-20-09,北西
2026-01-21-20-10,北西
2026-01-21-20-11,北西
2026-01-21-20-12,北西
2026-01-22-01-01,西
2026-01-22-01-02,西
2026-01-22-01-03,西
2026-01-22-01-04,西
2026-01-22-01-05,北西
2026-01-22-01-06,西
2026-01-22-01-07,西
2026-01-22-01-08,西
2026-01-22-01-09,北西
2026-01-22-01-11,西
2026-01-22-01-12,西
2026-01-22-02-01,北西
2026-01-22-02-02,北西
2026-01-22-02-03,北西
2026-01-22-02-04,北西
2026-01-22-02-05,北西
2026-01-22-02-06,北西
2026-01-22-02-07,北西
2026-01-22-02-08,北西
2026-01-22-02-09,北西
2026-01-22-02-10,北西
2026-01-22-02-11,北西
2026-01-22-02-12,北西
2026-01-22-04-01,北
2026-01-22-04-02,北
2026-01-22-04-03,北
2026-01-22-04-04,北
2026-01-22-04-05,北
2026-01-22-04-06,北
2026-01-22-04-07,北
2026-01-22-04-08,北
2026-01-22-04-09,北
2026-01-22-04-10,北
2026-01-22-04-11,北
2026-01-22-04-12,北
2026-01-22-08-01,北西
2026-01-22-08-02,西
2026-01-22-08-03,西
2026-01-22-08-04,西
2026-01-22-08-05,西
2026-01-22-08-06,北西
2026-01-22-08-07,北西
2026-01-22-08-08,北西
2026-01-22-08-09,北西
2026-01-22-08-10,北西
2026-01-22-08-11,北西
2026-01-22-08-12,北西
2026-01-22-10-01,南西
2026-01-22-10-02,北西
2026-01-22-10-03,北西
2026-01-22-10-04,北
2026-01-22-10-05,北西
2026-01-22-10-06,北
2026-01-22-10-07,北
2026-01-22-10-08,北西
2026-01-22-10-09,北西
2026-01-22-10-10,北西
2026-01-22-10-11,北西
2026-01-22-10-12,北西
2026-01-22-13-01,西
2026-01-22-13-02,西
2026-01-22-13-03,北西
2026-01-22-13-04,北
2026-01-22-13-05,西
2026-01-22-13-06,西
2026-01-22-13-07,西
2026-01-22-13-08,西
2026-01-22-13-09,西
2026-01-22-13-10,西
2026-01-22-13-11,北西
2026-01-22-13-12,北西
2026-01-22-14-01,西
2026-01-22-14-02,西
2026-01-22-14-03,西
2026-01-22-14-04,北西
2026-01-22-14-05,西
2026-01-22-14-06,北西
2026-01-22-16-01,北
2026-01-22-16-02,北
2026-01-22-16-03,北
2026-01-22-16-04,北西
2026-01-22-16-05,北西
2026-01-22-16-06,北西
2026-01-22-16-07,北
2026-01-22-16-08,北
2026-01-22-16-09,北
2026-01-22-16-10,北西
2026-01-22-16-11,南西
2026-01-22-16-12,北
2026-01-22-17-01,西
2026-01-22-17-02,北西
2026-01-22-17-03,西
2026-01-22-17-04,西
2026-01-22-17-05,西
2026-01-22-17-06,北西
2026-01-22-17-07,西
2026-01-22-17-08,西
2026-01-22-17-09,西
2026-01-22-17-10,西
2026-01-22-17-11,西
2026-01-22-17-12,西
2026-01-22-20-01,北西
2026-01-22-20-02,北西
2026-01-22-20-03,北西
2026-01-22-20-04,北西
2026-01-22-20-05,北西
2026-01-22-20-06,北西
2026-01-22-20-07,北西
2026-01-22-20-08,北西
2026-01-22-20-09,北西
2026-01-22-20-10,北西
2026-01-22-20-11,北西
2026-01-22-20-12,北西
2026-01-22-23-01,北
2026-01-22-23-02,北
2026-01-22-23-03,北
2026-01-22-23-04,北
2026-01-22-23-05,北
2026-01-22-23-06,北
2026-01-22-23-07,北
2026-01-22-23-08,北
2026-01-22-23-09,北西
2026-01-22-23-10,北
2026-01-22-23-11,北
2026-01-22-23-12,北西
2026-01-22-24-01,北西
2026-01-22-24-02,北西
2026-01-22-24-03,北西
2026-01-22-24-04,北西
2026-01-22-24-05,北西
2026-01-22-24-06,北西
2026-01-22-24-07,北西
2026-01-22-24-08,北
2026-01-22-24-09,北
2026-01-22-24-10,北
2026-01-22-24-11,北
2026-01-22-24-12,北
2026-01-23-01-01,北西
2026-01-23-01-02,北西
2026-01-23-01-03,北西
2026-01-23-01-04,北西
2026-01-23-01-05,北西
2026-01-23-01-06,北西
2026-01-23-01-07,北西
2026-01-23-01-09,西
2026-01-23-01-10,北西
2026-01-23-03-01,東
2026-01-23-03-02,南
2026-01-23-03-03,南東
2026-01-23-03-04,南
2026-01-23-03-05,南
2026-01-23-03-06,南東
2026-01-23-03-07,南
2026-01-23-03-08,南
2026-01-23-03-09,南東
2026-01-23-03-10,南東
2026-01-23-03-11,南
2026-01-23-03-12,南
2026-01-23-04-01,南
2026-01-23-04-03,南東
2026-01-23-04-04,北東
2026-01-23-04-05,南
2026-01-23-04-06,南
2026-01-23-04-07,南
2026-01-23-04-08,南
2026-01-23-04-09,南
2026-01-23-04-10,南
2026-01-23-04-11,南
2026-01-23-04-12,南
2026-01-23-07-01,北
2026-01-23-07-02,北東
2026-01-23-07-03,北
2026-01-23-07-04,北
2026-01-23-07-05,北西
2026-01-23-07-06,北
2026-01-23-07-07,北東
2026-01-23-07-08,北西
2026-01-23-07-09,北西
2026-01-23-07-10,西
2026-01-23-07-11,北西
2026-01-23-07-12,北西
2026-01-23-10-01,南東
2026-01-23-10-02,西
2026-01-23-10-03,南東
2026-01-23-10-04,南東
2026-01-23-10-05,南東
2026-01-23-10-06,南東
2026-01-23-10-07,南東
2026-01-23-10-09,南東
2026-01-23-10-10,南東
2026-01-23-10-11,南東
2026-01-23-10-12,南東
2026-01-23-13-01,西
2026-01-23-13-02,西
2026-01-23-13-03,西
2026-01-23-13-04,南西
2026-01-23-13-05,南西
2026-01-23-13-06,南西
2026-01-23-13-07,南西
2026-01-23-13-08,南
2026-01-23-13-09,西
2026-01-23-13-10,北西
2026-01-23-13-11,南西
2026-01-23-13-12,南西
2026-01-23-14-01,北西
2026-01-23-14-02,北西
2026-01-23-14-03,北西
2026-01-23-14-04,北西
2026-01-23-14-05,北西
2026-01-23-14-06,西
2026-01-23-14-07,北西
2026-01-23-14-08,北西
2026-01-23-14-09,北西
2026-01-23-14-10,北西
2026-01-23-14-11,北西
2026-01-23-14-12,北西
2026-01-23-15-01,南西
2026-01-23-15-02,南西
2026-01-23-15-03,南西
2026-01-23-15-04,南西
2026-01-23-15-05,南西
2026-01-23-15-06,南西
2026-01-23-15-07,北西
2026-01-23-15-08,北西
2026-01-23-15-09,西
2026-01-23-15-10,西
2026-01-23-15-11,北西
2026-01-23-15-12,北西
2026-01-23-16-01,北西
2026-01-23-16-02,北
2026-01-23-16-03,北
2026-01-23-16-04,北西
2026-01-23-16-05,北西
2026-01-23-16-06,北西
2026-01-23-16-07,北西
2026-01-23-16-08,北西
2026-01-23-16-09,北西
2026-01-23-16-10,北
2026-01-23-16-11,北
2026-01-23-16-12,北
2026-01-23-17-01,南西
2026-01-23-17-02,西
2026-01-23-17-03,北西
2026-01-23-17-04,南西
2026-01-23-17-05,北西
2026-01-23-17-06,西
2026-01-23-17-07,西
2026-01-23-17-08,西
2026-01-23-17-09,北
2026-01-23-17-10,西
2026-01-23-17-11,西
2026-01-23-17-12,西
2026-01-23-19-01,西
2026-01-23-19-02,西
2026-01-23-19-03,西
2026-01-23-19-04,西
2026-01-23-19-05,西
2026-01-23-19-06,北
2026-01-23-19-07,北西
2026-01-23-19-08,北西
2026-01-23-19-09,西
2026-01-23-19-10,北
2026-01-23-19-11,北
2026-01-23-19-12,北
2026-01-23-23-01,南西
2026-01-23-23-02,南西
2026-01-23-23-03,北西
2026-01-23-23-04,北
2026-01-23-23-05,北
2026-01-23-23-06,北西
2026-01-23-23-07,北
2026-01-23-23-08,北西
2026-01-23-23-09,北西
2026-01-23-23-10,北西
2026-01-23-23-11,北西
2026-01-23-23-12,北西
2026-01-23-24-01,北
2026-01-23-24-02,北西
2026-01-23-24-03,北西
2026-01-23-24-04,北
2026-01-23-24-05,北
2026-01-23-24-06,北
2026-01-23-24-07,北
2026-01-23-24-08,東
2026-01-23-24-09,東
2026-01-23-24-10,北東
2026-01-23-24-11,東
2026-01-23-24-12,東
2026-01-24-01-01,北西
2026-01-24-01-02,北西
2026-01-24-01-03,北西
2026-01-24-01-04,北西
2026-01-24-01-05,北西
2026-01-24-01-06,北西
2026-01-24-01-07,西
2026-01-24-01-08,北西
2026-01-24-01-09,北西
2026-01-24-01-10,北西
2026-01-24-01-11,北西
2026-01-24-01-12,北西
2026-01-24-03-01,南西
2026-01-24-03-02,南西
2026-01-24-03-03,南西
2026-01-24-03-04,南西
2026-01-24-03-05,南西
2026-01-24-03-06,南西
2026-01-24-03-07,南西
2026-01-24-03-08,南西
2026-01-24-03-09,南西
2026-01-24-03-10,北
2026-01-24-03-11,北
2026-01-24-03-12,北西
2026-01-24-04-01,南西
2026-01-24-04-02,南西
2026-01-24-04-03,南西
2026-01-24-04-04,南西
2026-01-24-04-05,南西
2026-01-24-04-06,南西
2026-01-24-04-07,南西
2026-01-24-04-08,南西
2026-01-24-04-09,南西
2026-01-24-04-10,南
2026-01-24-04-11,北西
2026-01-24-04-12,北
2026-01-24-06-01,西
2026-01-24-06-02,北西
2026-01-24-06-03,西
2026-01-24-06-04,西
2026-01-24-06-05,西
2026-01-24-06-06,西
2026-01-24-06-07,西
2026-01-24-06-08,西
2026-01-24-06-09,西
2026-01-24-06-10,西
2026-01-24-06-11,西
2026-01-24-06-12,西
2026-01-24-07-01,西
2026-01-24-07-02,西
2026-01-24-07-03,西
2026-01-24-07-04,西
2026-01-24-07-05,北西
2026-01-24-07-06,北西
2026-01-24-07-07,北西
2026-01-24-07-08,北西
2026-01-24-07-09,北西
2026-01-24-07-10,北西
2026-01-24-07-11,西
2026-01-24-07-12,北西
2026-01-24-10-01,西
2026-01-24-10-02,北
2026-01-24-10-03,西
2026-01-24-10-04,西
2026-01-24-10-05,北西
2026-01-24-10-06,北西
2026-01-24-10-07,西
2026-01-24-10-08,西
2026-01-24-10-09,北西
2026-01-24-10-10,西
2026-01-24-10-11,西
2026-01-24-10-12,西
2026-01-24-13-01,西
2026-01-24-13-02,南西
2026-01-24-13-03,南西
2026-01-24-13-04,西
2026-01-24-13-05,西
2026-01-24-13-06,南西
2026-01-24-13-07,西
2026-01-24-13-08,西
2026-01-24-13-09,西
2026-01-24-13-10,北西
2026-01-24-13-11,西
2026-01-24-13-12,西
2026-01-24-14-01,西
2026-01-24-14-02,北西
2026-01-24-14-03,西
2026-01-24-14-04,北西
2026-01-24-14-05,西
2026-01-24-14-06,西
2026-01-24-14-07,北西
2026-01-24-14-08,北西
2026-01-24-14-09,西
2026-01-24-14-10,西
2026-01-24-14-11,西
2026-01-24-14-12,西
2026-01-24-16-01,北西
2026-01-24-16-02,北
2026-01-24-16-03,北西
2026-01-24-16-04,北西
2026-01-24-16-05,北西
2026-01-24-16-06,北
2026-01-24-16-07,北西
2026-01-24-16-08,北
2026-01-24-16-09,北西
2026-01-24-16-10,北西
2026-01-24-16-11,北
2026-01-24-16-12,北西
2026-01-24-17-01,南西
2026-01-24-17-02,南西
2026-01-24-17-03,南西
2026-01-24-17-04,南西
2026-01-24-17-05,南西
2026-01-24-17-06,南西
2026-01-24-17-07,北西
2026-01-24-17-08,北西
2026-01-24-17-09,西
2026-01-24-17-10,西
2026-01-24-17-11,南西
2026-01-24-17-12,西
2026-01-24-19-01,北西
2026-01-24-19-02,北西
2026-01-24-19-03,北西
2026-01-24-19-04,北西
2026-01-24-19-05,北西
2026-01-24-19-06,北西
2026-01-24-19-07,北西
2026-01-24-19-08,北
2026-01-24-19-09,北
2026-01-24-19-10,北
2026-01-24-19-11,北
2026-01-24-19-12,北西
2026-01-24-23-01,西
2026-01-24-23-02,北西
2026-01-24-23-03,北西
2026-01-24-23-04,北西
2026-01-24-23-05,北西
2026-01-24-23-06,北西
2026-01-24-23-07,北西
2026-01-24-23-08,北
2026-01-24-23-09,北
2026-01-24-23-10,北西
2026-01-24-23-11,北
2026-01-24-23-12,北
2026-01-24-24-01,北西
2026-01-24-24-02,北西
2026-01-24-24-03,北西
2026-01-24-24-04,北西
2026-01-24-24-05,北西
2026-01-24-24-06,北西
2026-01-24-24-07,北西
2026-01-24-24-08,北西
2026-01-24-24-09,西
2026-01-24-24-10,北西
2026-01-24-24-11,北西
2026-01-24-24-12,北
2026-01-25-01-01,北西
2026-01-25-01-02,北西
2026-01-25-01-03,北西
2026-01-25-01-04,西
2026-01-25-01-05,西
2026-01-25-01-06,西
2026-01-25-01-07,西
2026-01-25-01-08,西
2026-01-25-01-09,西
2026-01-25-01-10,西
2026-01-25-01-11,西
2026-01-25-01-12,西
2026-01-25-03-01,北西
2026-01-25-03-02,北西
2026-01-25-03-03,北西
2026-01-25-03-04,北西
2026-01-25-03-05,北西
2026-01-25-03-06,北西
2026-01-25-03-07,北西
2026-01-25-03-08,北西
2026-01-25-03-09,北西
2026-01-25-03-10,北西
2026-01-25-03-11,北西
2026-01-25-03-12,北西
2026-01-25-04-01,北
2026-01-25-04-02,北
2026-01-25-04-03,北
2026-01-25-04-04,北
2026-01-25-04-05,北
2026-01-25-04-06,北
2026-01-25-04-07,北
2026-01-25-04-08,北
2026-01-25-04-09,北
2026-01-25-04-10,北
2026-01-25-04-11,北
2026-01-25-04-12,北
2026-01-25-05-01,北西
2026-01-25-05-02,北西
2026-01-25-05-03,北西
2026-01-25-05-04,北
2026-01-25-05-05,北西
2026-01-25-05-06,北西
2026-01-25-05-07,北西
2026-01-25-05-08,北西
2026-01-25-05-09,北西
2026-01-25-05-10,北西
2026-01-25-05-11,北西
2026-01-25-05-12,北西
2026-01-25-06-01,北西
2026-01-25-06-02,北西
2026-01-25-06-03,北西
2026-01-25-06-04,北西
2026-01-25-06-05,北西
2026-01-25-06-06,北西
2026-01-25-06-07,北西
2026-01-25-06-08,北西
2026-01-25-06-09,北西
2026-01-25-06-10,北西
2026-01-25-06-11,北西
2026-01-25-06-12,北西
2026-01-25-07-01,北西
2026-01-25-07-02,北西
2026-01-25-07-03,北西
2026-01-25-07-04,北西
2026-01-25-07-05,北西
2026-01-25-07-06,北西
2026-01-25-07-07,北西
2026-01-25-07-08,北西
2026-01-25-07-09,北西
2026-01-25-07-10,北西
2026-01-25-07-11,北西
2026-01-25-07-12,北
2026-01-25-10-01,北西
2026-01-25-10-02,北
2026-01-25-10-03,北
2026-01-25-10-04,北
2026-01-25-10-05,北
2026-01-25-10-06,北
2026-01-25-10-07,北
2026-01-25-10-08,北
2026-01-25-10-09,北
2026-01-25-10-10,北
2026-01-25-10-11,北
2026-01-25-10-12,北
2026-01-25-11-01,北西
2026-01-25-11-02,北西
2026-01-25-11-03,西
2026-01-25-11-04,北西
2026-01-25-11-05,北西
2026-01-25-11-06,北西
2026-01-25-11-07,西
2026-01-25-11-08,北西
2026-01-25-11-09,北西
2026-01-25-11-10,北西
2026-01-25-11-11,北西
2026-01-25-13-01,西
2026-01-25-13-02,北西
2026-01-25-13-04,西
2026-01-25-13-05,西
2026-01-25-13-06,南
2026-01-25-13-07,北
2026-01-25-13-08,西
2026-01-25-13-09,北西
2026-01-25-13-10,南西
2026-01-25-13-11,東
2026-01-25-16-01,北西
2026-01-25-16-02,北
2026-01-25-16-03,北西
2026-01-25-16-04,北西
2026-01-25-16-05,北西
2026-01-25-16-06,北西
2026-01-25-16-07,北西
2026-01-25-16-08,北西
2026-01-25-16-09,北西
2026-01-25-16-10,北西
2026-01-25-16-11,北西
2026-01-25-16-12,北
2026-01-25-17-01,南西
2026-01-25-17-02,南西
2026-01-25-17-03,南西
2026-01-25-17-04,南西
2026-01-25-17-05,西
2026-01-25-17-06,北西
2026-01-25-17-07,西
2026-01-25-17-08,北
2026-01-25-17-09,北西
2026-01-25-17-10,北西
2026-01-25-17-11,北西
2026-01-25-17-12,西
2026-01-25-18-01,北東
2026-01-25-18-02,東
2026-01-25-18-03,北東
2026-01-25-18-04,北東
2026-01-25-18-05,東
2026-01-25-18-06,東
2026-01-25-18-07,東
2026-01-25-18-08,北
2026-01-25-18-09,北
2026-01-25-18-10,北東
2026-01-25-18-11,北東
2026-01-25-18-12,北東
2026-01-25-19-01,北
2026-01-25-19-02,北
2026-01-25-19-03,北
2026-01-25-19-04,北
2026-01-25-19-05,北西
2026-01-25-19-06,北
2026-01-25-19-07,北
2026-01-25-19-08,東
2026-01-25-19-09,北東
2026-01-25-19-10,北東
2026-01-25-19-11,北東
2026-01-25-19-12,北東
2026-01-25-20-01,北
2026-01-25-20-02,北
2026-01-25-20-03,北
2026-01-25-20-04,北
2026-01-25-20-05,北
2026-01-25-20-06,北
2026-01-25-20-09,北
2026-01-25-20-10,北
2026-01-25-20-11,北
2026-01-25-20-12,北
2026-01-25-23-01,北
2026-01-25-23-02,北
2026-01-25-23-03,北
2026-01-25-23-04,北
2026-01-25-23-05,北
2026-01-25-23-06,北
2026-01-25-23-07,北
2026-01-25-23-08,北
2026-01-25-23-09,北
2026-01-25-23-10,北
2026-01-25-23-11,北
2026-01-25-23-12,北
2026-01-25-24-01,北西
2026-01-25-24-02,北西
2026-01-25-24-03,北西
2026-01-25-24-04,北西
2026-01-25-24-05,北西
2026-01-25-24-06,北
2026-01-25-24-07,北
2026-01-25-24-08,北
2026-01-25-24-09,北東
2026-01-25-24-10,北東
2026-01-25-24-11,東
2026-01-25-24-12,北東
2026-01-26-03-01,北西
2026-01-26-03-02,北西
2026-01-26-03-03,北西
2026-01-26-03-04,北西
2026-01-26-03-05,北西
2026-01-26-03-06,北西
2026-01-26-03-07,西
2026-01-26-03-08,西
2026-01-26-03-09,北西
2026-01-26-03-10,北西
2026-01-26-03-11,北
2026-01-26-03-12,北
2026-01-26-04-01,北
2026-01-26-04-02,北
2026-01-26-04-03,北
2026-01-26-04-04,北
2026-01-26-04-05,北
2026-01-26-04-06,北
2026-01-26-04-09,北
2026-01-26-04-10,南東
2026-01-26-04-11,南
2026-01-26-05-01,北西
2026-01-26-05-02,北
2026-01-26-05-03,北東
2026-01-26-05-04,北西
2026-01-26-05-05,東
2026-01-26-05-06,南西
2026-01-26-05-08,北東
2026-01-26-05-09,東
2026-01-26-05-10,北東
2026-01-26-05-11,北東
2026-01-26-05-12,東
2026-01-26-06-01,北西
2026-01-26-06-02,北西
2026-01-26-06-03,北西
2026-01-26-06-04,北西
2026-01-26-06-05,北西
2026-01-26-06-06,北西
2026-01-26-06-07,北西
2026-01-26-06-08,北西
2026-01-26-06-09,北西
2026-01-26-06-10,北西
2026-01-26-06-11,北西
2026-01-26-06-12,北西
2026-01-26-07-01,北西
2026-01-26-07-02,北西
2026-01-26-07-03,北西
2026-01-26-07-04,北西
2026-01-26-07-05,北西
2026-01-26-07-06,北西
2026-01-26-07-07,北西
2026-01-26-07-08,北西
2026-01-26-07-09,北西
2026-01-26-07-10,北西
2026-01-26-07-11,北西
2026-01-26-07-12,北西
2026-01-26-09-01,北西
2026-01-26-09-02,北西
2026-01-26-09-03,北西
2026-01-26-09-04,北西
2026-01-26-09-05,北西
2026-01-26-09-06,北西
2026-01-26-09-07,北西
2026-01-26-09-08,北西
2026-01-26-09-09,北西
2026-01-26-09-10,北西
2026-01-26-09-11,北西
2026-01-26-09-12,北西
2026-01-26-10-02,南東
2026-01-26-10-03,南東
2026-01-26-10-04,南東
2026-01-26-10-05,南東
2026-01-26-10-06,南東
2026-01-26-10-07,南東
2026-01-26-10-08,南東
2026-01-26-10-09,南東
2026-01-26-10-10,南東
2026-01-26-10-11,南東
2026-01-26-10-12,南東
2026-01-26-11-01,南西
2026-01-26-11-02,西
2026-01-26-11-03,北西
2026-01-26-11-04,西
2026-01-26-11-05,西
2026-01-26-11-06,西
2026-01-26-11-07,西
2026-01-26-11-08,北西
2026-01-26-11-09,北西
2026-01-26-11-10,西
2026-01-26-16-01,南東
2026-01-26-16-02,南東
2026-01-26-16-03,南東
2026-01-26-16-04,北東
2026-01-26-16-05,南東
2026-01-26-16-06,南西
2026-01-26-16-07,南東
2026-01-26-16-08,南東
2026-01-26-16-09,南東
2026-01-26-16-10,北東
2026-01-26-16-11,南東
2026-01-26-16-12,南東
2026-01-26-18-01,東
2026-01-26-18-02,東
2026-01-26-18-03,南
2026-01-26-18-04,南
2026-01-26-18-05,南
2026-01-26-18-06,南
2026-01-26-18-07,南
2026-01-26-18-08,南西
2026-01-26-18-09,西
2026-01-26-18-10,南西
2026-01-26-18-11,南西
2026-01-26-18-12,南西
2026-01-26-19-01,南
2026-01-26-19-02,南東
2026-01-26-19-03,北
2026-01-26-19-04,北西
2026-01-26-19-05,西
2026-01-26-19-06,南西
2026-01-26-19-07,南西
2026-01-26-19-08,南西
2026-01-26-19-09,北西
2026-01-26-19-10,南西
2026-01-26-19-11,南西
2026-01-26-19-12,南西
2026-01-26-20-01,北西
2026-01-26-20-02,北西
2026-01-26-20-03,北西
2026-01-26-20-04,北西
2026-01-26-20-05,北西
2026-01-26-20-06,北西
2026-01-26-20-07,北西
2026-01-26-20-08,北西
2026-01-26-20-09,北西
2026-01-26-20-10,北西
2026-01-26-20-11,北西
2026-01-26-20-12,北西
2026-01-26-22-01,南
2026-01-26-22-02,南
2026-01-26-22-03,西
2026-01-26-22-04,北西
2026-01-26-22-05,北西
2026-01-26-22-06,北
2026-01-26-22-07,北
2026-01-26-22-08,北
2026-01-26-22-09,北
2026-01-26-22-10,北
2026-01-26-22-11,北
2026-01-26-22-12,北
2026-01-26-23-01,南西
2026-01-26-23-02,南西
2026-01-26-23-03,南西
2026-01-26-23-04,南西
2026-01-26-23-05,南西
2026-01-26-23-06,南西
2026-01-26-23-07,南西
2026-01-26-23-08,南西
2026-01-26-23-09,北
2026-01-26-23-10,西
2026-01-26-23-11,西
2026-01-26-23-12,西
2026-01-26-24-01,北西
2026-01-26-24-04,南
2026-01-26-24-05,南
2026-01-26-24-06,東
2026-01-26-24-07,東
2026-01-26-24-08,南東
2026-01-26-24-09,東
2026-01-26-24-10,南東
2026-01-26-24-11,南東
2026-01-26-24-12,南東
2026-01-27-03-01,北
2026-01-27-03-02,北
2026-01-27-03-03,南西
2026-01-27-03-04,南西
2026-01-27-03-05,南西
2026-01-27-03-06,南
2026-01-27-03-07,南西
2026-01-27-03-08,南
2026-01-27-03-09,南西
2026-01-27-03-10,西
2026-01-27-03-11,南東
2026-01-27-03-12,南東
2026-01-27-05-01,南
2026-01-27-05-02,南西
2026-01-27-05-03,西
2026-01-27-05-04,南西
2026-01-27-05-05,東
2026-01-27-05-06,南
2026-01-27-05-07,東
2026-01-27-05-08,東
2026-01-27-05-09,東
2026-01-27-05-10,東
2026-01-27-05-11,北東
2026-01-27-05-12,東
2026-01-27-06-01,西
2026-01-27-06-02,西
2026-01-27-06-03,西
2026-01-27-06-04,西
2026-01-27-06-05,北西
2026-01-27-06-06,北西
2026-01-27-06-07,北西
2026-01-27-06-08,北西
2026-01-27-06-09,北西
2026-01-27-06-10,北西
2026-01-27-06-11,北西
2026-01-27-06-12,北西
2026-01-27-07-01,北西
2026-01-27-07-02,北西
2026-01-27-07-03,北西
2026-01-27-07-04,北西
2026-01-27-07-05,北西
2026-01-27-07-06,北西
2026-01-27-07-07,北西
2026-01-27-07-08,北西
2026-01-27-07-09,北西
2026-01-27-07-10,北西
2026-01-27-07-11,北西
2026-01-27-07-12,北西
2026-01-27-09-01,東
2026-01-27-09-02,東
2026-01-27-09-03,東
2026-01-27-09-04,東
2026-01-27-09-05,東
2026-01-27-09-06,東
2026-01-27-09-08,東
2026-01-27-09-09,西
2026-01-27-09-10,北西
2026-01-27-09-11,北西
2026-01-27-09-12,北西
2026-01-27-11-01,南西
2026-01-27-11-02,南西
2026-01-27-11-03,南西
2026-01-27-11-04,南西
2026-01-27-11-05,南西
2026-01-27-11-06,南西
2026-01-27-11-07,南西
2026-01-27-11-08,南西
2026-01-27-11-09,北西
2026-01-27-11-10,南西
2026-01-27-11-11,北西
2026-01-27-11-12,北西
2026-01-27-12-01,南東
2026-01-27-12-02,南東
2026-01-27-12-04,南東
2026-01-27-12-09,北
2026-01-27-12-10,北東
2026-01-27-12-12,北
2026-01-27-18-01,東
2026-01-27-18-02,東
2026-01-27-18-03,東
2026-01-27-18-04,北東
2026-01-27-18-05,東
2026-01-27-18-06,東
2026-01-27-18-07,北東
2026-01-27-18-08,北東
2026-01-27-18-09,北
2026-01-27-18-10,北
2026-01-27-18-11,北
2026-01-27-18-12,北
2026-01-27-20-01,北
2026-01-27-20-02,北
2026-01-27-20-03,北西
2026-01-27-20-04,北
2026-01-27-20-05,北
2026-01-27-20-06,北
2026-01-27-20-07,北
2026-01-27-20-08,北
2026-01-27-20-10,北西
2026-01-27-20-11,北西
2026-01-27-20-12,北西
2026-01-27-21-01,西
2026-01-27-21-02,北西
2026-01-27-21-03,北西
2026-01-27-21-04,北西
2026-01-27-21-05,西
2026-01-27-21-06,西
2026-01-27-21-07,北西
2026-01-27-21-08,西
2026-01-27-21-09,北西
2026-01-27-21-10,北西
2026-01-27-21-11,西
2026-01-27-21-12,北西
2026-01-27-22-01,北西
2026-01-27-22-02,北西
2026-01-27-22-03,北西
2026-01-27-22-04,北西
2026-01-27-22-05,北西
2026-01-27-22-06,北西
2026-01-27-22-07,北西
2026-01-27-22-08,北西
2026-01-27-22-09,北西
2026-01-27-22-10,北西
2026-01-27-22-11,北
2026-01-27-22-12,北
2026-01-27-24-01,北西
2026-01-27-24-02,北西
2026-01-27-24-03,北西
2026-01-27-24-04,北西
2026-01-27-24-05,北西
2026-01-27-24-06,北
2026-01-27-24-07,北
2026-01-27-24-08,北東
2026-01-27-24-09,北東
2026-01-27-24-10,北東
2026-01-27-24-11,北東
2026-01-27-24-12,東
2026-01-28-03-01,北
2026-01-28-03-02,北
2026-01-28-03-03,北
2026-01-28-03-04,北
2026-01-28-03-05,北
2026-01-28-03-06,北
2026-01-28-03-07,北
2026-01-28-03-08,北
2026-01-28-03-09,北
2026-01-28-03-10,北
2026-01-28-03-11,北
2026-01-28-03-12,北
2026-01-28-05-01,北
2026-01-28-05-02,西
2026-01-28-05-03,東
2026-01-28-05-04,東
2026-01-28-05-05,東
2026-01-28-05-06,北東
2026-01-28-05-07,東
2026-01-28-05-08,北東
2026-01-28-05-09,北
2026-01-28-05-10,東
2026-01-28-05-11,北東
2026-01-28-05-12,北
2026-01-28-07-01,北西
2026-01-28-07-02,北西
2026-01-28-07-03,北西
2026-01-28-07-04,北西
2026-01-28-07-05,北西
2026-01-28-07-06,北西
2026-01-28-07-07,北西
2026-01-28-07-08,北西
2026-01-28-07-09,西
2026-01-28-07-10,北西
2026-01-28-07-11,北西
2026-01-28-07-12,北西
2026-01-28-09-01,北西
2026-01-28-09-02,北西
2026-01-28-09-03,北西
2026-01-28-09-04,北西
2026-01-28-09-05,北西
2026-01-28-09-06,北西
2026-01-28-09-07,北西
2026-01-28-09-08,北西
2026-01-28-09-09,北西
2026-01-28-09-10,北西
2026-01-28-09-11,北西
2026-01-28-09-12,北西
2026-01-28-11-01,北東
2026-01-28-11-02,北東
2026-01-28-11-05,北東
2026-01-28-11-06,北東
2026-01-28-11-07,北東
2026-01-28-11-08,北東
2026-01-28-11-09,北東
2026-01-28-11-11,北東
2026-01-28-12-01,北
2026-01-28-12-03,北
2026-01-28-12-04,南東
2026-01-28-12-05,南東
2026-01-28-12-06,南
2026-01-28-12-07,南東
2026-01-28-12-10,北
2026-01-28-12-11,北
2026-01-28-12-12,北
2026-01-28-18-01,北東
2026-01-28-18-02,東
2026-01-28-18-03,東
2026-01-28-18-04,北東
2026-01-28-18-05,南
2026-01-28-18-06,南西
2026-01-28-18-07,西
2026-01-28-18-08,南西
2026-01-28-18-09,南
2026-01-28-18-10,南西
2026-01-28-18-11,東
2026-01-28-18-12,北東
2026-01-28-20-01,北
2026-01-28-20-02,北東
2026-01-28-20-03,北東
2026-01-28-20-04,北
2026-01-28-20-05,北
2026-01-28-20-06,北
2026-01-28-20-07,北
2026-01-28-20-08,北
2026-01-28-20-09,北
2026-01-28-20-10,北
2026-01-28-20-11,北
2026-01-28-20-12,北
2026-01-28-21-01,北
2026-01-28-21-02,南
2026-01-28-21-03,北西
2026-01-28-21-04,北西
2026-01-28-21-05,北
2026-01-28-21-06,北西
2026-01-28-21-07,北西
2026-01-28-21-08,北
2026-01-28-21-09,北西
2026-01-28-21-10,北西
2026-01-28-21-11,北西
2026-01-28-21-12,北西
2026-01-28-22-01,北
2026-01-28-22-02,北東
2026-01-28-22-03,北
2026-01-28-22-04,北
2026-01-28-22-05,北
2026-01-28-22-06,北
2026-01-28-22-07,北西
2026-01-28-22-08,北
2026-01-28-22-09,北
2026-01-28-22-10,北
2026-01-28-22-11,北
2026-01-28-22-12,北
2026-01-28-24-01,北西
2026-01-28-24-02,北西
2026-01-28-24-03,北西
2026-01-28-24-04,北西
2026-01-28-24-05,北西
2026-01-28-24-06,北西
2026-01-28-24-07,北西
2026-01-28-24-08,北
2026-01-28-24-09,北
2026-01-28-24-10,東
2026-01-28-24-11,北東
2026-01-28-24-12,北東
2026-01-29-01-01,西
2026-01-29-01-02,北西
2026-01-29-01-03,北西
2026-01-29-01-04,北西
2026-01-29-01-05,西
2026-01-29-01-06,西
2026-01-29-01-07,西
2026-01-29-01-08,西
2026-01-29-01-09,西
2026-01-29-01-10,南東
2026-01-29-01-11,西
2026-01-29-01-12,西
2026-01-29-04-02,北
2026-01-29-04-03,北
2026-01-29-04-04,北
2026-01-29-04-05,北東
2026-01-29-04-06,北東
2026-01-29-04-07,南東
2026-01-29-04-08,南東
2026-01-29-04-09,南
2026-01-29-04-10,南
2026-01-29-04-11,北
2026-01-29-04-12,北東
2026-01-29-05-01,東
2026-01-29-05-02,東
2026-01-29-05-03,東
2026-01-29-05-04,西
2026-01-29-05-05,南
2026-01-29-05-06,北
2026-01-29-05-07,北東
2026-01-29-05-08,北東
2026-01-29-05-09,南西
2026-01-29-05-10,東
2026-01-29-05-11,東
2026-01-29-09-01,北西
2026-01-29-09-02,北西
2026-01-29-09-03,北西
2026-01-29-09-04,北西
2026-01-29-09-05,北西
2026-01-29-09-06,北西
2026-01-29-09-07,北西
2026-01-29-09-08,北西
2026-01-29-09-09,北西
2026-01-29-09-10,北西
2026-01-29-09-11,北西
2026-01-29-09-12,北西
2026-01-29-11-01,南西
2026-01-29-11-02,西
2026-01-29-11-03,南西
2026-01-29-11-04,南西
2026-01-29-11-05,南西
2026-01-29-11-06,北西
2026-01-29-11-07,北西
2026-01-29-11-08,南西
2026-01-29-11-09,北西
2026-01-29-11-10,北西
2026-01-29-11-11,北西
2026-01-29-11-12,北西
2026-01-29-12-02,北
2026-01-29-12-03,北東
2026-01-29-12-07,北
2026-01-29-12-08,北東
2026-01-29-12-09,北東
2026-01-29-12-10,北
2026-01-29-12-11,北
2026-01-29-13-01,西
2026-01-29-13-02,南西
2026-01-29-13-03,西
2026-01-29-13-04,西
2026-01-29-13-05,北西
2026-01-29-13-06,南西
2026-01-29-13-07,西
2026-01-29-13-08,西
2026-01-29-13-09,西
2026-01-29-13-10,西
2026-01-29-13-11,北西
2026-01-29-13-12,西
2026-01-29-16-01,北西
2026-01-29-16-02,北西
2026-01-29-16-03,北西
2026-01-29-16-04,北西
2026-01-29-16-05,北西
2026-01-29-16-06,北西
2026-01-29-16-07,北西
2026-01-29-16-08,北西
2026-01-29-16-09,北西
2026-01-29-16-10,北西
2026-01-29-16-11,北西
2026-01-29-16-12,北西
2026-01-29-18-01,東
2026-01-29-18-02,南西
2026-01-29-18-03,南
2026-01-29-18-04,南
2026-01-29-18-05,北東
2026-01-29-18-06,北東
2026-01-29-18-07,東
2026-01-29-18-08,北東
2026-01-29-18-09,東
2026-01-29-18-10,東
2026-01-29-18-11,東
2026-01-29-18-12,北東
2026-01-29-19-01,北西
2026-01-29-19-02,北西
2026-01-29-19-03,北西
2026-01-29-19-04,北西
2026-01-29-19-05,北西
2026-01-29-19-06,北西
2026-01-29-19-07,北西
2026-01-29-19-08,北西
2026-01-29-19-09,北西
2026-01-29-19-10,北西
2026-01-29-19-11,北西
2026-01-29-19-12,北西
2026-01-29-21-01,北西
2026-01-29-21-02,北西
2026-01-29-21-03,北西
2026-01-29-21-04,北
2026-01-29-21-05,北西
2026-01-29-21-06,北西
2026-01-29-21-07,北西
2026-01-29-21-08,北
2026-01-29-21-09,北西
2026-01-29-21-10,北西
2026-01-29-21-11,北西
2026-01-29-21-12,北西
2026-01-29-22-01,北西
2026-01-29-22-02,北
2026-01-29-22-03,北西
2026-01-29-22-04,北
2026-01-29-22-05,北西
2026-01-29-22-06,北
2026-01-29-22-07,北
2026-01-29-22-08,北
2026-01-29-22-09,北
2026-01-29-22-10,北西
2026-01-29-22-11,北西
2026-01-29-22-12,北西
2026-01-30-01-01,西
2026-01-30-01-02,西
2026-01-30-01-03,西
2026-01-30-01-04,西
2026-01-30-01-05,西
2026-01-30-01-06,西
2026-01-30-01-07,西
2026-01-30-01-08,西
2026-01-30-01-09,西
2026-01-30-01-10,西
2026-01-30-01-11,西
2026-01-30-01-12,西
2026-01-30-02-01,北西
2026-01-30-02-02,北西
2026-01-30-02-03,北東
2026-01-30-02-04,北西
2026-01-30-02-05,北西
2026-01-30-02-06,北西
2026-01-30-02-07,北西
2026-01-30-02-08,北
2026-01-30-02-09,北西
2026-01-30-02-10,北西
2026-01-30-02-11,北西
2026-01-30-02-12,北西
2026-01-30-04-01,西
2026-01-30-04-02,南西
2026-01-30-04-03,北西
2026-01-30-04-04,北
2026-01-30-04-05,北
2026-01-30-04-06,南
2026-01-30-04-07,北西
2026-01-30-04-09,北
2026-01-30-04-11,南
2026-01-30-04-12,北
2026-01-30-06-01,西
2026-01-30-06-02,西
2026-01-30-06-03,北西
2026-01-30-06-04,西
2026-01-30-06-05,北西
2026-01-30-06-06,北西
2026-01-30-06-07,北西
2026-01-30-06-08,北西
2026-01-30-06-09,北西
2026-01-30-06-10,北西
2026-01-30-06-11,北西
2026-01-30-06-12,北西
2026-01-30-11-01,北西
2026-01-30-11-02,北西
2026-01-30-11-03,西
2026-01-30-11-04,北西
2026-01-30-11-05,北西
2026-01-30-11-06,北西
2026-01-30-11-07,北西
2026-01-30-11-08,西
2026-01-30-11-09,北西
2026-01-30-11-10,西
2026-01-30-11-11,南西
2026-01-30-11-12,西
2026-01-30-12-01,北東
2026-01-30-12-04,南東
2026-01-30-12-05,南東
2026-01-30-12-06,北
2026-01-30-12-07,北
2026-01-30-12-08,北
2026-01-30-12-09,北
2026-01-30-12-10,北
2026-01-30-12-11,北
2026-01-30-12-12,北
2026-01-30-13-01,西
2026-01-30-13-02,南西
2026-01-30-13-03,西
2026-01-30-13-04,南西
2026-01-30-13-05,南西
2026-01-30-13-06,西
2026-01-30-13-07,南西
2026-01-30-13-08,西
2026-01-30-13-09,西
2026-01-30-13-10,西
2026-01-30-13-11,西
2026-01-30-13-12,西
2026-01-30-16-01,北
2026-01-30-16-02,北西
2026-01-30-16-03,北西
2026-01-30-16-04,北西
2026-01-30-16-05,北西
2026-01-30-16-06,北西
2026-01-30-16-07,北西
2026-01-30-16-08,北西
2026-01-30-16-09,北西
2026-01-30-16-10,北西
2026-01-30-16-11,北西
2026-01-30-16-12,北
2026-01-30-18-01,東
2026-01-30-18-02,北西
2026-01-30-18-03,北西
2026-01-30-18-04,北
2026-01-30-18-05,北東
2026-01-30-18-06,北東
2026-01-30-18-07,東
2026-01-30-18-08,北東
2026-01-30-18-09,南西
2026-01-30-18-10,北東
2026-01-30-18-11,北
2026-01-30-18-12,北東
2026-01-30-19-01,北
2026-01-30-19-02,北
2026-01-30-19-03,北西
2026-01-30-19-04,北西
2026-01-30-19-05,北
2026-01-30-19-06,北
2026-01-30-19-07,北
2026-01-30-19-08,北
2026-01-30-19-09,北
2026-01-30-19-10,北西
2026-01-30-19-11,北
2026-01-30-19-12,北西
2026-01-30-21-01,北西
2026-01-30-21-02,北西
2026-01-30-21-03,北西
2026-01-30-21-04,北西
2026-01-30-21-05,北西
2026-01-30-21-06,北西
2026-01-30-21-07,北西
2026-01-30-21-08,北西
2026-01-30-21-09,北西
2026-01-30-21-10,北西
2026-01-30-21-11,北西
2026-01-30-21-12,北西
2026-01-30-22-01,北西
2026-01-30-22-02,北西
2026-01-30-22-03,北西
2026-01-30-22-04,北西
2026-01-30-22-05,北西
2026-01-30-22-06,北西
2026-01-30-22-07,北西
2026-01-30-22-08,北西
2026-01-30-22-09,北西
2026-01-30-22-10,北西
2026-01-30-22-11,北西
2026-01-30-22-12,北西
2026-01-30-23-01,北
2026-01-30-23-02,北
2026-01-30-23-03,北
2026-01-30-23-04,北
2026-01-30-23-05,北
2026-01-30-23-06,北
2026-01-30-23-07,北
2026-01-30-23-08,北
2026-01-30-23-09,北
2026-01-30-23-10,北
2026-01-30-23-11,北
2026-01-30-23-12,北
2026-01-31-01-01,北西
2026-01-31-01-02,西
2026-01-31-01-03,西
2026-01-31-01-04,北西
2026-01-31-01-05,北西
2026-01-31-01-06,北西
2026-01-31-01-07,北西
2026-01-31-01-08,北西
2026-01-31-01-09,北西
2026-01-31-01-10,西
2026-01-31-01-11,西
2026-01-31-01-12,西
2026-01-31-02-01,北西
2026-01-31-02-02,北西
2026-01-31-02-03,北西
2026-01-31-02-04,北西
2026-01-31-02-05,北西
2026-01-31-02-06,北西
2026-01-31-02-07,北西
2026-01-31-02-08,北西
2026-01-31-02-09,北西
2026-01-31-02-10,北東
2026-01-31-02-11,北西
2026-01-31-02-12,北西
2026-01-31-04-01,北
2026-01-31-04-02,北
2026-01-31-04-03,北
2026-01-31-04-04,北
2026-01-31-04-05,南西
2026-01-31-04-06,南
2026-01-31-04-07,南
2026-01-31-04-08,南
2026-01-31-04-09,南
2026-01-31-04-10,南
2026-01-31-04-11,南
2026-01-31-04-12,南
2026-01-31-06-01,北西
2026-01-31-06-02,北西
2026-01-31-06-03,北西
2026-01-31-06-04,北西
2026-01-31-06-05,北西
2026-01-31-06-06,北西
2026-01-31-06-07,北西
2026-01-31-06-08,北西
2026-01-31-06-09,北西
2026-01-31-06-10,北西
2026-01-31-06-11,北西
2026-01-31-06-12,北西
2026-01-31-07-01,北西
2026-01-31-07-02,北西
2026-01-31-07-03,北西
2026-01-31-07-04,北西
2026-01-31-07-05,北西
2026-01-31-07-06,北西
2026-01-31-07-07,北西
2026-01-31-07-08,北西
2026-01-31-07-09,北西
2026-01-31-07-10,北西
2026-01-31-07-11,北西
2026-01-31-07-12,北西
2026-01-31-10-01,北西
2026-01-31-10-02,北西
2026-01-31-10-03,北西
2026-01-31-10-04,北西
2026-01-31-10-05,北西
2026-01-31-10-06,北西
2026-01-31-10-07,北西
2026-01-31-10-08,北西
2026-01-31-10-09,西
2026-01-31-10-10,西
2026-01-31-10-11,西
2026-01-31-10-12,北西
2026-01-31-12-01,北
2026-01-31-12-02,北
2026-01-31-12-03,北
2026-01-31-12-04,北
2026-01-31-12-05,北
2026-01-31-12-06,北
2026-01-31-12-07,北
2026-01-31-12-08,北
2026-01-31-13-05,西
2026-01-31-13-07,西
2026-01-31-13-08,南東
2026-01-31-13-09,北西
2026-01-31-13-10,南
2026-01-31-13-12,西
2026-01-31-14-01,西
2026-01-31-14-02,北西
2026-01-31-14-03,北西
2026-01-31-14-04,西
2026-01-31-14-05,北西
2026-01-31-14-06,北西
2026-01-31-14-07,北西
2026-01-31-14-08,北西
2026-01-31-14-09,西
2026-01-31-14-10,北西
2026-01-31-14-11,北西
2026-01-31-14-12,西
2026-01-31-16-01,北西
2026-01-31-16-02,北
2026-01-31-16-03,北西
2026-01-31-16-04,北西
2026-01-31-16-05,南西
2026-01-31-16-06,南東
2026-01-31-16-07,南西
2026-01-31-16-08,南西
2026-01-31-16-09,南
2026-01-31-16-10,南
2026-01-31-16-11,南
2026-01-31-16-12,南
2026-01-31-19-01,西
2026-01-31-19-02,西
2026-01-31-19-03,西
2026-01-31-19-04,北
2026-01-31-19-05,北
2026-01-31-19-06,北
2026-01-31-19-07,北
2026-01-31-19-08,北
2026-01-31-19-09,北
2026-01-31-19-10,北
2026-01-31-19-11,北
2026-01-31-19-12,北西
2026-01-31-21-01,南
2026-01-31-21-02,南
2026-01-31-21-04,南
2026-01-31-21-05,南
2026-01-31-21-06,南
2026-01-31-21-08,西
2026-01-31-21-09,北西
2026-01-31-21-10,北西
2026-01-31-21-11,西
2026-01-31-21-12,北西
2026-01-31-22-01,南
2026-01-31-22-02,北
2026-01-31-22-03,北
2026-01-31-22-04,北
2026-01-31-22-05,北
2026-01-31-22-06,北
2026-01-31-22-07,北西
2026-01-31-22-08,北西
2026-01-31-22-09,北
2026-01-31-22-10,北西
2026-01-31-22-11,北西
2026-01-31-22-12,北
2026-01-31-23-01,南西
2026-01-31-23-03,北
2026-01-31-23-04,北
2026-01-31-23-05,北
2026-01-31-23-06,北
2026-01-31-23-07,北
2026-01-31-23-08,北東
2026-01-31-23-09,北
2026-01-31-23-10,北東
2026-01-31-23-11,北東
2026-01-31-23-12,北東
2026-02-01-01-01,北西
2026-02-01-01-02,北西
2026-02-01-01-03,北西
2026-02-01-01-04,北西
2026-02-01-01-05,北西
2026-02-01-01-06,西
2026-02-01-01-07,北西
2026-02-01-01-08,北西
2026-02-01-01-09,北西
2026-02-01-01-10,北西
2026-02-01-01-11,北西
2026-02-01-01-12,北西
2026-02-01-02-08,北東
2026-02-01-02-09,北東
2026-02-01-02-10,東
2026-02-01-02-11,東
2026-02-01-02-12,東
2026-02-01-03-01,南西
2026-02-01-03-02,南西
2026-02-01-03-03,南
2026-02-01-03-04,南
2026-02-01-03-05,西
2026-02-01-03-06,西
2026-02-01-03-07,南西
2026-02-01-03-08,北西
2026-02-01-03-09,南
2026-02-01-03-10,東
2026-02-01-03-11,南東
2026-02-01-03-12,東
2026-02-01-04-01,南西
2026-02-01-04-03,北東
2026-02-01-04-04,南東
2026-02-01-04-05,東
2026-02-01-04-06,東
2026-02-01-04-07,東
2026-02-01-04-08,東
2026-02-01-04-09,南東
2026-02-01-04-10,南東
2026-02-01-04-11,南
2026-02-01-04-12,南東
2026-02-01-06-01,北西
2026-02-01-06-02,北西
2026-02-01-06-03,北西
2026-02-01-06-04,北西
2026-02-01-06-05,北西
2026-02-01-06-06,北西
2026-02-01-06-07,北西
2026-02-01-06-08,北西
2026-02-01-06-09,北西
2026-02-01-06-10,北西
2026-02-01-06-11,北西
2026-02-01-06-12,北西
2026-02-01-07-01,北西
2026-02-01-07-02,北西
2026-02-01-07-03,北西
2026-02-01-07-04,北西
2026-02-01-07-05,北西
2026-02-01-07-06,北西
2026-02-01-07-07,北西
2026-02-01-07-08,北西
2026-02-01-07-09,北西
2026-02-01-07-10,北西
2026-02-01-07-11,北西
2026-02-01-07-12,北西
2026-02-01-10-01,南東
2026-02-01-10-02,西
2026-02-01-10-03,南東
2026-02-01-10-04,南東
2026-02-01-10-05,南東
2026-02-01-10-06,南東
2026-02-01-10-07,南東
2026-02-01-10-08,南東
2026-02-01-10-09,南東
2026-02-01-10-10,南東
2026-02-01-10-11,南西
2026-02-01-10-12,南東
2026-02-01-12-01,南東
2026-02-01-12-02,南東
2026-02-01-12-03,南東
2026-02-01-12-04,南
2026-02-01-12-05,南東
2026-02-01-12-07,南東
2026-02-01-12-11,北
2026-02-01-13-01,南西
2026-02-01-13-02,南西
2026-02-01-13-03,西
2026-02-01-13-04,南西
2026-02-01-13-05,南西
2026-02-01-13-06,南西
2026-02-01-13-07,南
2026-02-01-13-08,南西
2026-02-01-13-09,南西
2026-02-01-13-10,南西
2026-02-01-13-11,西
2026-02-01-13-12,西
2026-02-01-14-01,北西
2026-02-01-14-02,北西
2026-02-01-14-03,北西
2026-02-01-14-04,北西
2026-02-01-14-05,北西
2026-02-01-14-06,西
2026-02-01-14-07,北西
2026-02-01-14-08,西
2026-02-01-14-09,北西
2026-02-01-14-10,北西
2026-02-01-14-11,北西
2026-02-01-14-12,北西
2026-02-01-16-01,北西
2026-02-01-16-02,北西
2026-02-01-16-03,北西
2026-02-01-16-04,北東
2026-02-01-16-05,北西
2026-02-01-16-06,北
2026-02-01-16-07,北西
2026-02-01-16-08,北
2026-02-01-16-09,北西
2026-02-01-16-10,北
2026-02-01-16-11,北西
2026-02-01-16-12,北西
2026-02-01-19-01,西
2026-02-01-19-02,西
2026-02-01-19-03,北西
2026-02-01-19-04,西
2026-02-01-19-05,西
2026-02-01-19-06,西
2026-02-01-19-07,西
2026-02-01-19-08,北西
2026-02-01-19-09,北西
2026-02-01-19-10,北西
2026-02-01-19-11,北西
2026-02-01-19-12,北西
2026-02-01-21-01,北西
2026-02-01-21-02,北西
2026-02-01-21-03,北西
2026-02-01-21-04,北西
2026-02-01-21-05,北西
2026-02-01-21-06,西
2026-02-01-21-07,北西
2026-02-01-21-08,西
2026-02-01-21-09,西
2026-02-01-21-10,西
2026-02-01-21-11,西
2026-02-01-21-12,西
2026-02-01-23-01,西
2026-02-01-23-02,西
2026-02-01-23-03,北西
2026-02-01-23-04,北
2026-02-01-23-05,北西
2026-02-01-23-06,北西
2026-02-01-23-07,北西
2026-02-01-23-08,北西
2026-02-01-23-09,北西
2026-02-01-23-10,西
2026-02-01-23-11,北西
2026-02-01-23-12,北西
2026-02-02-02-06,北西
2026-02-02-02-12,北西
2026-02-02-03-01,北西
2026-02-02-03-02,北
2026-02-02-03-03,北東
2026-02-02-03-04,北東
2026-02-02-03-05,北
2026-02-02-03-06,西
2026-02-02-03-07,南西
2026-02-02-03-08,南
2026-02-02-03-09,南東
2026-02-02-03-10,南東
2026-02-02-03-11,南
2026-02-02-03-12,東
2026-02-02-06-01,北西
2026-02-02-06-02,西
2026-02-02-06-03,北西
2026-02-02-06-04,西
2026-02-02-06-05,北西
2026-02-02-06-06,北西
2026-02-02-06-07,北西
2026-02-02-06-08,北西
2026-02-02-06-09,北西
2026-02-02-06-10,北西
2026-02-02-06-11,北西
2026-02-02-06-12,北西
2026-02-02-07-01,北西
2026-02-02-07-02,北西
2026-02-02-07-03,北東
2026-02-02-07-04,北西
2026-02-02-07-05,北西
2026-02-02-07-06,北西
2026-02-02-07-07,北西
2026-02-02-07-08,北西
2026-02-02-07-09,北西
2026-02-02-07-10,北西
2026-02-02-07-11,北西
2026-02-02-07-12,北西
2026-02-02-10-01,南東
2026-02-02-10-02,南東
2026-02-02-10-03,南東
2026-02-02-10-04,南東
2026-02-02-10-05,南東
2026-02-02-10-06,南東
2026-02-02-10-07,南東
2026-02-02-10-08,南東
2026-02-02-10-09,南東
2026-02-02-10-10,南東
2026-02-02-10-11,南東
2026-02-02-10-12,南東
2026-02-02-13-01,南西
2026-02-02-13-02,南
2026-02-02-13-03,西
2026-02-02-13-04,南西
2026-02-02-13-05,南西
2026-02-02-13-06,南西
2026-02-02-13-07,南
2026-02-02-13-08,南西
2026-02-02-13-09,南西
2026-02-02-13-10,南西
2026-02-02-13-11,南
2026-02-02-13-12,南西
2026-02-02-14-01,北西
2026-02-02-14-02,北西
2026-02-02-14-03,北西
2026-02-02-14-04,西
2026-02-02-14-05,北西
2026-02-02-14-06,北西
2026-02-02-14-07,北西
2026-02-02-14-08,西
2026-02-02-14-09,西
2026-02-02-14-10,北西
2026-02-02-14-11,北
2026-02-02-14-12,北西
2026-02-02-15-01,南西
2026-02-02-15-02,南西
2026-02-02-15-03,南西
2026-02-02-15-04,南西
2026-02-02-15-05,南西
2026-02-02-15-06,南西
2026-02-02-15-07,南西
2026-02-02-15-08,西
2026-02-02-15-09,北西
2026-02-02-15-10,北西
2026-02-02-15-11,北西
2026-02-02-15-12,北西
2026-02-02-16-01,南
2026-02-02-16-02,北東
2026-02-02-16-03,北西
2026-02-02-16-04,北西
2026-02-02-16-05,北西
2026-02-02-16-06,北東
2026-02-02-16-07,北西
2026-02-02-16-08,北西
2026-02-02-16-09,北
2026-02-02-16-10,北西
2026-02-02-16-11,北西
2026-02-02-16-12,北西
2026-02-02-19-01,北
2026-02-02-19-02,北
2026-02-02-19-03,北
2026-02-02-19-04,北
2026-02-02-19-05,北
2026-02-02-19-06,北
2026-02-02-19-07,北
2026-02-02-19-08,北
2026-02-02-19-09,北
2026-02-02-19-10,北
2026-02-02-19-11,北
2026-02-02-19-12,北東
2026-02-02-23-01,南
2026-02-02-23-02,西
2026-02-02-23-03,南西
2026-02-02-23-04,西
2026-02-02-23-05,西
2026-02-02-23-06,南
2026-02-02-23-07,南
2026-02-02-23-08,南
2026-02-02-23-09,北西
2026-02-02-23-10,北
2026-02-02-23-11,北
2026-02-02-23-12,北
2026-02-28-01-01,西
2026-03-02-20-01,東
2026-03-04-04-01,北
2026-03-07-01-01,北西
2026-03-08-01-01,北西
2026-03-10-08-01,北西
2026-03-27-04-01,南東
2026-03-27-04-02,南東
2026-03-27-04-03,北東
2026-03-27-04-04,北東
2026-03-27-04-05,東
2026-03-27-04-06,東
2026-03-27-04-07,南東
2026-03-27-04-08,東
2026-03-27-04-09,南東
2026-03-27-04-10,南東
2026-03-27-04-11,東
2026-03-27-04-12,東
2026-03-27-07-01,南西
2026-03-27-07-02,南西
2026-03-27-07-03,南西
2026-03-27-07-04,南西
2026-03-27-07-05,南西
2026-03-27-07-06,南西
2026-03-27-07-07,南西
2026-03-27-07-08,南西
2026-03-27-07-09,南西
2026-03-27-07-10,南西
2026-03-27-07-11,東
2026-03-27-07-12,北東
2026-03-27-09-01,南東
2026-03-27-09-02,南東
2026-03-27-09-03,東
2026-03-27-09-04,東
2026-03-27-09-05,東
2026-03-27-09-06,東
2026-03-27-09-07,東
2026-03-27-09-08,東
2026-03-27-09-09,東
2026-03-27-09-10,東
2026-03-27-09-11,東
2026-03-27-09-12,東
2026-03-27-10-01,南東
2026-03-27-10-02,南東
2026-03-27-10-03,西
2026-03-27-10-04,北西
2026-03-27-10-05,北西
2026-03-27-10-06,北西
2026-03-27-10-07,北西
2026-03-27-10-08,北西
2026-03-27-10-09,北西
2026-03-27-10-10,北西
2026-03-27-10-11,北西
2026-03-27-10-12,北西
2026-03-27-12-11,南
2026-03-27-12-12,南
2026-03-27-13-01,南東
2026-03-27-13-02,南西
2026-03-27-13-03,南西
2026-03-27-13-04,西
2026-03-27-13-05,西
2026-03-27-13-06,西
2026-03-27-13-07,西
2026-03-27-13-08,西
2026-03-27-13-09,南西
2026-03-27-13-10,西
2026-03-27-13-11,西
2026-03-27-13-12,西
2026-03-27-16-01,南東
2026-03-27-16-02,南
2026-03-27-16-03,南東
2026-03-27-16-04,南東
2026-03-27-16-05,南東
2026-03-27-16-06,北東
2026-03-27-16-07,南
2026-03-27-16-08,南東
2026-03-27-16-09,南
2026-03-27-16-10,南東
2026-03-27-16-11,南東
2026-03-27-16-12,北西
2026-03-27-17-01,東
2026-03-27-17-02,北東
2026-03-27-17-03,北東
2026-03-27-17-04,北東
2026-03-27-17-05,南
2026-03-27-17-06,南
2026-03-27-17-07,南
2026-03-27-17-08,南
2026-03-27-17-09,南
2026-03-27-17-10,南
2026-03-27-17-11,南
2026-03-27-17-12,南
2026-03-27-19-01,南西
2026-03-27-19-02,南東
2026-03-27-19-03,南
2026-03-27-19-04,西
2026-03-27-19-05,南西
2026-03-27-19-06,西
2026-03-27-19-07,西
2026-03-27-19-08,南西
2026-03-27-19-09,南西
2026-03-27-19-10,南西
2026-03-27-19-11,北西
2026-03-27-19-12,北東
2026-03-27-21-02,南
2026-03-27-21-03,南
2026-03-27-21-06,北西
2026-03-27-21-07,北西
2026-03-27-21-08,北西
2026-03-27-21-09,北西
2026-03-27-21-10,北西
2026-03-27-21-11,北西
2026-03-27-21-12,北西
2026-03-27-22-01,北
2026-03-27-22-02,北
2026-03-27-22-03,北
2026-03-27-22-04,北
2026-03-27-22-05,北
2026-03-27-22-06,北
2026-03-27-22-07,北
2026-03-27-22-08,北
2026-03-27-22-09,北
2026-03-27-22-10,北
2026-03-27-22-11,北
2026-03-27-22-12,北
2026-03-30-19-01,東
2026-03-31-06-01,東
2026-04-09-15-01,北
2026-04-10-08-01,南東
2026-04-10-10-01,南東
2026-04-10-15-01,南西
2026-04-10-23-01,南西
2026-04-11-07-01,北西
2026-04-11-07-02,北西
2026-04-11-07-03,北西
2026-04-11-07-04,西
2026-04-11-15-01,南西
2026-04-11-15-02,南西
2026-04-11-15-03,南西
2026-04-11-15-04,西
2026-04-11-24-01,北
2026-04-11-24-02,北西
2026-04-11-24-03,北西
2026-04-11-24-04,北西
2026-04-11-24-05,北西
2026-04-12-11-01,北東
2026-04-12-14-01,北西
2026-04-12-15-01,北西
2026-04-12-22-01,北
2026-04-12-23-01,南西
2026-04-12-24-01,西
2026-04-13-15-01,北
2026-04-13-22-01,南
2026-04-13-23-01,南西
2026-04-14-04-01,北
2026-04-14-10-01,北西
2026-04-14-14-01,南東
2026-04-14-15-01,北
2026-04-14-22-01,北
2026-04-15-10-01,南
2026-04-15-14-01,南東
2026-04-15-15-01,北
2026-04-15-22-01,北
2026-04-16-08-01,北西
2026-04-16-10-01,北
2026-04-16-14-01,北西
2026-04-16-21-01,北東
2026-04-16-22-01,北東
2026-04-17-08-01,南
2026-04-17-10-01,南東
2026-04-17-23-01,南西
2026-04-17-23-02,南西
2026-04-18-08-01,南西
2026-04-18-10-01,南東
2026-04-18-15-01,北
2026-04-18-21-01,東
2026-04-18-23-02,西
2026-04-18-24-01,西
2026-04-19-08-01,南西
2026-04-19-10-01,北西
2026-04-19-15-01,北東
2026-04-19-23-01,西
2026-04-19-23-02,西
2026-04-19-24-01,北東
2026-04-20-08-01,南東
2026-04-20-11-01,南東
2026-04-20-15-01,北
2026-04-20-18-01,南東
2026-04-20-22-01,北
2026-04-20-24-01,西
2026-04-21-08-01,北西
2026-04-21-11-01,北東
2026-04-21-15-01,西
2026-04-21-18-01,北
2026-04-21-18-02,南東
2026-04-21-21-01,北東
2026-04-21-22-01,北
2026-04-22-11-01,東
2026-04-22-14-01,東
2026-04-22-15-01,北西
2026-04-22-18-01,北
2026-04-22-18-02,北
2026-04-22-22-01,北
2026-04-22-24-01,南東
2026-04-23-11-01,北東
2026-04-23-14-01,北西
2026-04-23-16-01,北東
2026-04-23-18-01,東
2026-04-23-22-01,北
2026-04-23-23-01,北
2026-04-23-23-02,北
2026-04-23-24-01,南
2026-04-24-01-02,東
2026-04-24-01-04,東
2026-04-24-04-12,南東
2026-04-24-09-06,北西
2026-04-24-12-04,北
2026-04-24-17-07,東
2026-04-24-17-10,南西
2026-04-24-18-01,南西
2026-04-24-18-02,南東
2026-04-24-18-12,南東
2026-04-24-20-03,北東
2026-04-24-22-01,北
2026-04-24-22-09,北
2026-04-24-22-11,北
2026-04-25-09-01,南東
2026-04-25-13-07,南西
2026-04-25-14-01,北西
2026-04-25-15-01,北
2026-04-25-17-08,南西
2026-04-25-21-01,南西
2026-04-25-21-09,東
2026-04-25-21-10,東
2026-04-25-22-01,北
2026-04-26-08-01,南東
2026-04-26-15-01,東
2026-04-26-16-01,北東
2026-04-26-21-01,東
2026-04-26-23-01,南
2026-04-26-23-02,南
2026-04-27-08-01,西
2026-04-27-15-01,西
2026-04-27-18-01,南西
2026-04-27-18-02,南西
2026-04-27-21-01,南
2026-04-27-23-01,南
2026-04-27-23-02,南
2026-04-28-08-01,南西
2026-04-28-15-01,南
2026-04-28-18-01,南西
2026-04-28-21-01,南
2026-04-28-23-01,南
2026-04-29-08-01,北西
2026-04-29-15-01,北西
2026-04-29-18-01,東
2026-04-29-18-02,南西
2026-04-29-21-01,北東
2026-04-29-22-01,北
2026-04-30-11-01,北東
2026-04-30-15-01,北
2026-04-30-18-01,東
2026-04-30-18-02,東
2026-04-30-21-01,東
2026-04-30-22-01,北東
2026-05-01-09-01,西
2026-05-01-11-01,南
2026-05-01-18-01,北東
2026-05-01-22-01,北西
2026-05-01-23-01,北西
2026-05-01-23-02,西
2026-05-03-08-01,南
2026-05-03-09-01,東
2026-05-03-10-01,南東
2026-05-03-16-01,南東
2026-05-03-22-01,南
2026-05-03-23-01,南
2026-05-03-23-02,南
2026-05-04-01-04,西
2026-05-04-04-04,南
2026-05-04-06-01,西
2026-05-04-08-01,北西
2026-05-04-08-08,南西
2026-05-04-08-10,南西
2026-05-04-10-01,南西
2026-05-04-14-01,北西
2026-05-04-16-01,南西
2026-05-04-16-11,北西
2026-05-04-19-03,西
2026-05-04-22-01,北西
2026-05-04-22-10,北西
2026-05-04-23-01,西
2026-05-05-08-01,北
2026-05-05-10-01,南東
2026-05-05-11-01,北東
2026-05-05-12-05,南
2026-05-05-15-01,北
2026-05-05-23-01,南西
2026-05-05-23-02,南西
2026-05-06-01-04,東
2026-05-06-02-12,南
2026-05-06-08-01,西
2026-05-06-10-01,南東
2026-05-06-11-01,南東
2026-05-06-13-06,北東
2026-05-06-15-01,北西
2026-05-06-15-03,北西
2026-05-06-16-01,南東
2026-05-06-18-01,南
2026-05-06-21-01,東
2026-05-06-23-01,南西
2026-05-07-08-01,南西
2026-05-07-10-01,南東
2026-05-07-15-01,西
2026-05-07-16-01,南東
2026-05-07-18-01,南西
2026-05-07-18-02,南西
2026-05-07-21-01,東
2026-05-08-08-01,南西
2026-05-08-15-01,西
2026-05-08-18-01,南西
2026-05-08-18-02,南東
2026-05-08-21-01,西
2026-05-09-11-01,北
2026-05-09-14-01,北西
2026-05-09-15-01,西
2026-05-09-18-01,南
2026-05-09-18-02,南西
2026-05-09-22-01,北
2026-05-10-11-01,北東
2026-05-10-14-01,東
2026-05-10-15-01,北西
2026-05-10-16-01,南東
2026-05-10-21-01,東
2026-05-10-22-01,北
2026-05-10-23-01,南西
2026-05-11-03-01,南
2026-05-11-08-01,南西
2026-05-11-11-01,北東
2026-05-11-14-01,東
2026-05-11-16-01,南
2026-05-11-22-01,北
2026-05-11-23-01,南西
2026-05-11-23-02,南西
2026-05-12-03-01,南
2026-05-12-08-01,南東
2026-05-12-11-01,北東
2026-05-12-14-01,東
2026-05-12-16-01,南東
2026-05-12-18-01,南西
2026-05-12-22-01,南
2026-05-12-23-01,北西
2026-05-12-23-02,西
2026-05-13-03-01,南西
2026-05-13-08-01,南西
2026-05-13-11-01,北東
2026-05-13-16-01,南東
2026-05-13-18-01,南
2026-05-13-22-01,北
2026-05-13-23-01,南西
2026-05-14-03-01,北東
2026-05-14-08-01,西
2026-05-14-16-01,南
2026-05-14-18-01,南
2026-05-14-23-01,北
2026-05-15-01-06,東
2026-05-15-03-01,北東
2026-05-15-08-01,南西
2026-05-15-10-01,北西
2026-05-15-16-01,南
2026-05-15-18-01,南西
2026-05-15-18-02,南西
2026-05-15-19-06,南東
2026-05-16-03-01,北東
2026-05-16-10-01,南
2026-05-17-14-01,北西
2026-05-17-15-01,北西
2026-05-18-10-01,南東
2026-05-18-14-01,南
2026-05-18-15-01,西
2026-05-18-18-01,南西
2026-05-19-08-01,南
2026-05-19-14-01,南東
2026-05-19-15-01,北西
2026-05-19-18-01,南
2026-05-20-08-01,南西
2026-05-20-11-01,北東
2026-05-20-14-01,南東
2026-05-20-15-01,北
2026-05-20-18-01,南東
2026-05-21-08-01,南
2026-05-21-11-01,南西
2026-05-21-14-01,南東
2026-05-21-15-01,北東
2026-05-21-16-01,南
2026-05-21-18-01,南東
2026-05-22-08-01,南
2026-05-22-11-01,北東
2026-05-22-15-01,北西
2026-05-22-16-01,北東
2026-05-22-18-01,北
2026-05-23-08-01,南東
2026-05-23-11-01,北東
2026-05-23-15-01,東
2026-05-23-16-01,南東
2026-05-23-18-01,南東
2026-05-23-23-01,北
2026-05-23-23-02,北
2026-05-24-08-01,南東
2026-05-24-10-01,南東
2026-05-24-11-01,東
2026-05-24-23-01,北
2026-05-25-11-01,北東
2026-05-25-21-01,東
2026-05-25-23-01,北東
2026-05-25-24-09,北西
2026-05-26-07-12,南東
2026-05-26-10-01,南東
2026-05-26-21-01,東
2026-05-26-23-01,北東
2026-05-26-23-02,北東
2026-05-27-08-01,南東
2026-05-27-10-01,南東
2026-05-27-15-01,北西
2026-05-27-18-01,南東
2026-05-27-18-02,南東
2026-05-27-21-01,東
2026-05-28-08-01,西
2026-05-28-10-01,北西
2026-05-28-15-01,南西
2026-05-28-18-01,南西
2026-05-28-18-02,南西
2026-05-28-21-01,南
2026-05-29-15-01,北西
2026-05-29-18-01,北東
2026-05-30-09-01,南東
2026-05-30-11-01,北東
2026-05-30-14-01,北
2026-05-30-15-01,北西
2026-05-30-18-01,南西
2026-05-30-23-02,北
2026-05-31-11-01,南西
2026-05-31-15-01,北
2026-05-31-18-01,南東
2026-05-31-18-02,南
2026-05-31-23-01,南西
2026-06-01-08-01,南西
2026-06-01-09-01,南東
2026-06-01-11-01,北東
2026-06-01-23-01,南西
2026-06-02-11-01,北東
2026-06-02-14-01,南東
2026-06-02-23-01,北
2026-06-03-11-01,北
2026-06-04-21-01,東
2026-06-05-08-01,南
2026-06-05-10-01,南東
2026-06-05-21-01,西
2026-06-06-08-01,南
2026-06-06-10-01,南
2026-06-06-18-01,南西
2026-06-07-08-01,東
2026-06-07-10-01,南東
2026-06-07-15-01,東
2026-06-07-18-01,南東
2026-06-07-21-01,東
2026-06-08-08-01,南東
2026-06-08-10-01,南東
2026-06-08-18-01,南西
2026-06-09-11-01,南
2026-06-09-15-01,南西
2026-06-09-18-01,北東
2026-06-09-23-01,北
2026-06-10-11-01,東
2026-06-10-14-01,北
2026-06-10-15-01,西
2026-06-10-18-01,南西
2026-06-10-23-01,北
2026-06-10-23-02,北
2026-06-11-10-01,南
2026-06-11-11-01,北東
2026-06-11-14-01,東
2026-06-11-15-01,北西
2026-06-11-16-01,南東
2026-06-11-23-01,南西
2026-06-12-10-01,南
2026-06-12-11-01,北東
2026-06-12-14-01,北西
2026-06-12-16-01,南西
2026-06-12-23-01,南西
2026-06-13-10-01,南東
2026-06-13-11-01,北東
2026-06-13-14-01,北西
2026-06-13-16-01,南東
2026-06-13-22-01,北
2026-06-13-23-01,北西
2026-06-14-08-01,南東
2026-06-14-10-01,南東
2026-06-14-11-01,南東
2026-06-14-16-01,南東
2026-06-14-22-01,南
2026-06-14-23-01,南
2026-06-15-08-01,南西
2026-06-15-10-01,西
2026-06-15-22-01,北
2026-06-16-08-01,南西
2026-06-16-10-01,南東
2026-06-16-16-01,南東
2026-06-16-21-01,東
2026-06-16-22-01,東
2026-06-17-08-01,南東
2026-06-17-18-01,南東
2026-06-17-21-01,東
2026-06-17-22-01,南
2026-06-18-08-01,南西
2026-06-18-18-01,南西
2026-06-19-11-01,北東
2026-06-19-18-01,南
2026-06-20-04-01,北
2026-06-20-18-01,南
2026-06-20-21-01,南西
2026-06-21-08-01,南西
2026-06-21-10-01,南西
2026-06-21-11-01,南西
2026-06-21-15-01,西
2026-06-21-16-01,南西
2026-06-21-18-01,西
2026-06-22-08-01,北西
2026-06-22-10-01,西
2026-06-22-11-01,南西
2026-06-22-15-01,西
2026-06-22-22-01,北
2026-06-22-23-01,北
2026-06-23-08-01,南西
2026-06-23-10-01,北
2026-06-23-11-01,北東
2026-06-23-14-01,北西
2026-06-23-15-01,北
2026-06-23-22-01,南
2026-06-23-23-01,北
2026-06-24-08-01,南
2026-06-24-10-01,南東
2026-06-24-11-01,北
2026-06-24-14-01,南東
2026-06-24-15-01,北
2026-06-24-22-01,南西
2026-06-24-23-01,北西
2026-06-25-08-01,南
2026-06-25-14-01,南東
2026-06-25-15-01,北西
2026-06-25-22-01,南
2026-06-25-23-01,南西
2026-06-26-14-01,東
2026-06-26-18-01,南西
2026-06-26-21-01,西
2026-06-26-22-01,南
2026-06-26-23-01,西
2026-06-27-02-09,東
2026-06-27-03-09,北東
2026-06-27-09-09,北西
2026-06-27-09-10,北西
2026-06-27-13-10,北西
2026-06-27-14-01,北西
2026-06-27-14-09,北西
2026-06-27-17-09,北東
2026-06-27-18-01,北
2026-06-27-21-01,北
2026-06-27-22-01,北
2026-06-27-22-06,北
2026-06-27-23-01,北
2026-06-28-10-01,北西
2026-06-28-14-01,北西
2026-06-28-18-01,南
2026-06-28-21-01,北
2026-06-29-08-01,南東
2026-06-29-10-01,南西
2026-06-29-11-01,北東
2026-06-29-18-01,南
2026-06-29-21-01,東
2026-06-30-08-01,西
2026-06-30-10-01,北西
2026-06-30-11-01,北東
2026-06-30-13-01,北西
2026-06-30-16-01,南東
2026-06-30-19-08,南
2026-06-30-23-01,南西
2026-07-01-08-01,南西
2026-07-01-10-01,南東
2026-07-01-11-01,北東
2026-07-01-16-01,南東
2026-07-01-23-01,南西
2026-07-02-08-01,西
2026-07-02-11-01,北東
2026-07-02-16-01,南西
2026-07-02-22-01,北
2026-07-02-23-01,北
2026-07-03-08-01,南西
2026-07-03-11-01,東
2026-07-03-16-01,南東
2026-07-03-22-01,北
2026-07-03-23-01,北
2026-07-04-08-01,南
2026-07-04-16-01,南東
2026-07-04-18-01,東
2026-07-04-21-01,東
2026-07-04-22-01,西
2026-07-04-23-01,南西
2026-07-05-16-01,南
2026-07-05-18-01,南西
2026-07-05-22-01,南
2026-07-05-23-01,南西
2026-07-05-23-02,南西
2026-07-06-18-01,南
2026-07-06-21-01,南西
2026-07-06-22-01,北
2026-07-07-18-01,南
2026-07-08-08-01,南西
2026-07-08-10-01,南東
2026-07-08-10-02,南東
2026-07-08-11-01,北東
2026-07-08-18-01,南
2026-07-09-01-04,東
2026-07-09-01-06,東
2026-07-09-02-09,南東
2026-07-09-02-12,南
2026-07-09-05-05,南
2026-07-09-05-09,南
2026-07-09-08-01,西
2026-07-09-08-11,南
2026-07-09-10-01,南東
2026-07-09-10-02,南東
2026-07-09-11-01,北東
2026-07-09-11-11,北
2026-07-09-11-12,北東
2026-07-09-14-01,南東
2026-07-09-15-01,北
2026-07-09-15-02,北
2026-07-09-15-04,北
2026-07-09-15-09,北
2026-07-09-15-10,北東
2026-07-09-15-12,北
2026-07-09-16-01,南
2026-07-09-16-05,南
2026-07-09-16-08,南東
2026-07-09-18-01,南
2026-07-09-20-02,東
2026-07-09-20-11,東
2026-07-09-24-02,西
2026-07-09-24-04,南
2026-07-09-24-05,北東
2026-07-09-24-11,南東
2026-07-10-08-01,南
2026-07-10-10-01,南東
2026-07-10-10-02,南東
2026-07-10-11-01,北東
2026-07-10-14-01,南東
2026-07-10-15-01,北
2026-07-10-22-01,北
2026-07-10-23-01,北
2026-07-11-08-01,南
2026-07-11-10-01,南東
2026-07-11-10-02,南東
2026-07-11-11-01,北東
2026-07-11-14-01,南東
2026-07-11-15-01,北西
2026-07-11-16-01,南
2026-07-11-22-01,北東
2026-07-11-23-01,南西
2026-07-12-04-02,南
2026-07-12-08-01,西
2026-07-12-10-01,南東
2026-07-12-10-02,南東
2026-07-12-11-01,南西
2026-07-12-14-01,南東
2026-07-12-15-01,南西
2026-07-12-16-01,南西
2026-07-12-16-03,南
2026-07-12-22-01,南
2026-07-12-22-10,北
2026-07-12-23-01,南
2026-07-13-15-01,西
2026-07-13-16-01,南
2026-07-13-22-01,北
2026-07-13-23-01,南西
2026-07-13-23-02,南西
2026-07-14-15-01,南西
2026-07-14-22-01,北
2026-07-14-23-01,南西
2026-07-15-08-01,南東
2026-07-15-18-01,南西
2026-07-15-18-02,南
2026-07-15-21-01,南西
2026-07-15-22-01,南西
2026-07-15-23-01,南西
2026-07-16-08-01,南西
2026-07-16-11-01,北東
2026-07-16-18-01,南
2026-07-16-21-01,南西
2026-07-17-08-01,南東
2026-07-17-11-01,北東
2026-07-17-18-01,南西
2026-07-17-21-01,南
2026-07-17-21-02,南
2026-07-18-02-02,南東
2026-07-18-08-01,南東
2026-07-18-10-01,南東
2026-07-18-11-01,北
2026-07-18-16-01,南
2026-07-18-18-01,南
2026-07-18-21-01,南
2026-07-18-21-02,南
2026-07-18-21-07,南
2026-07-19-08-01,南東
2026-07-19-10-01,南東
2026-07-19-11-01,北東
2026-07-19-16-01,南
2026-07-19-18-01,南
2026-07-19-21-01,南
2026-07-19-22-01,北
2026-07-20-10-01,南東
2026-07-20-10-02,南東
2026-07-20-10-05,西
2026-07-20-10-06,西
2026-07-20-11-01,南
2026-07-20-15-01,北西
2026-07-20-18-01,南東
2026-07-20-18-05,南
2026-07-20-18-06,南西
2026-07-20-22-01,北
2026-07-21-10-01,西
2026-07-21-11-01,南
2026-07-21-15-01,北西
2026-07-21-16-01,南
2026-07-21-22-01,北
2026-07-22-08-01,南西
2026-07-22-10-01,南西
2026-07-22-14-01,東
2026-07-22-15-01,西
2026-07-22-16-01,北西
2026-07-22-22-01,北
2026-07-22-23-01,南西
2026-07-22-24-01,南西
2026-07-23-05-01,東
2026-07-23-08-01,西
2026-07-23-14-01,北西
2026-07-23-15-01,西
2026-07-23-21-01,南
2026-07-23-22-01,北
2026-07-23-23-01,南西
2026-07-24-08-01,西
2026-07-24-14-01,北西
2026-07-24-15-01,西
2026-07-24-21-02,北西
2026-07-24-22-01,北
2026-07-24-23-01,北
2026-07-24-24-08,北西
2026-07-25-08-01,西
2026-07-25-14-01,北西
2026-07-25-15-01,西
2026-07-25-21-01,西
2026-07-25-23-01,北
2026-07-26-08-01,南西
2026-07-26-14-01,北西
2026-07-26-21-01,西
2026-07-26-23-01,北
2026-07-27-14-01,北西
2026-07-28-10-01,南東
2026-07-28-21-01,南西
2026-07-29-10-01,北西
2026-07-29-11-01,北西
2026-07-29-15-01,南西
2026-07-29-16-01,南
2026-07-30-10-01,南東
2026-07-30-10-02,南東
2026-07-30-11-01,南西
2026-07-30-15-01,西
2026-07-30-18-01,南西
2026-07-30-22-01,北西
2026-07-30-23-01,南西
2026-07-31-08-01,南西
2026-07-31-10-01,南東
2026-07-31-11-01,北東
2026-07-31-15-01,北西
2026-07-31-16-01,南
2026-07-31-18-01,北西
2026-07-31-22-01,北
2026-07-31-23-01,南
2026-08-01-08-01,南西
2026-08-01-10-01,南東
2026-08-01-10-02,南東
2026-08-01-10-06,南西
2026-08-01-11-01,南
2026-08-01-13-01,南西
2026-08-01-13-02,南
2026-08-01-15-01,西
2026-08-01-18-01,南
2026-08-01-18-05,南西
2026-08-01-18-06,南西
2026-08-01-22-01,北西
2026-08-01-23-01,南西
2026-08-01-23-05,西
2026-08-01-23-06,南西
2026-08-02-08-01,南西
2026-08-02-11-01,東
2026-08-02-15-01,北西
2026-08-02-21-01,南西
2026-08-02-22-01,北
2026-08-02-23-01,南
2026-08-03-04-01,北
2026-08-03-08-01,南西
2026-08-03-21-01,西
2026-08-03-22-01,北
2026-08-03-23-01,北
2026-08-04-08-01,南東
2026-08-04-21-01,北東
2026-08-05-10-01,南東
2026-08-05-21-01,東
2026-08-06-04-01,南
2026-08-06-10-01,北
2026-08-06-10-02,北東
2026-08-06-18-01,東
2026-08-07-04-01,南
2026-08-07-10-01,南東
2026-08-07-10-02,南東
2026-08-07-14-01,南東
2026-08-07-18-01,南東
2026-08-08-04-01,南
2026-08-08-10-01,南
2026-08-08-14-01,南東
2026-08-08-15-01,北西
2026-08-08-16-01,南東
2026-08-08-18-01,南東
2026-08-09-05-01,南東
2026-08-09-10-02,北西
2026-08-09-14-01,南東
2026-08-09-15-01,北西
2026-08-09-16-01,南東
2026-08-09-18-01,南
2026-08-09-23-01,南西
2026-08-10-08-01,南西
2026-08-10-14-01,北西
2026-08-10-15-01,北西
2026-08-10-18-01,南西
2026-08-10-21-01,東
2026-08-11-04-01,北
2026-08-11-08-01,西
2026-08-11-15-01,北西
2026-08-11-16-01,南東
2026-08-11-18-01,南西
2026-08-11-21-01,北東
2026-08-11-23-01,北
2026-08-12-08-01,南東
2026-08-12-16-01,南
2026-08-12-20-10,北
2026-08-12-21-01,南東
2026-08-12-22-01,北
2026-08-12-23-01,北東
2026-08-13-08-01,南東
2026-08-13-16-01,北東
2026-08-13-21-01,北西
2026-08-13-21-02,北西
2026-08-13-22-01,北
2026-08-13-23-01,北
2026-08-14-08-01,南西
2026-08-14-10-01,南東
2026-08-14-21-01,南
2026-08-14-22-01,北
2026-08-14-23-01,北
2026-08-15-08-01,南東
2026-08-15-09-01,南東
2026-08-15-10-01,南東
2026-08-15-10-02,北
2026-08-15-11-01,北
2026-08-15-11-12,東
2026-08-15-18-01,南
2026-08-15-21-01,南
2026-08-15-22-01,北
2026-08-15-22-04,北
2026-08-16-09-01,南東
2026-08-16-10-01,南東
2026-08-16-10-02,南東
2026-08-16-11-01,東
2026-08-16-14-01,南東
2026-08-16-18-01,南東
2026-08-16-22-01,南
2026-08-17-09-01,南東
2026-08-17-10-01,南東
2026-08-17-11-01,北東
2026-08-17-14-01,南東
2026-08-17-15-01,北西
2026-08-17-18-01,東
2026-08-17-22-01,西
2026-08-18-09-01,東
2026-08-18-10-01,南東
2026-08-18-10-02,南東
2026-08-18-11-01,北東
2026-08-18-14-01,南東
2026-08-18-15-01,北
2026-08-18-16-01,南東
2026-08-18-18-01,南
2026-08-19-10-01,南東
2026-08-19-10-02,南西
2026-08-19-11-01,北東
2026-08-19-14-01,南東
2026-08-19-15-01,北
2026-08-19-16-01,南東
2026-08-19-18-01,南
2026-08-20-04-01,南
2026-08-20-11-01,北東
2026-08-20-15-01,北
2026-08-20-16-01,南東
2026-08-20-18-01,南東
2026-08-20-21-01,南東
2026-08-20-21-02,東
2026-08-21-15-01,西
2026-08-21-16-01,南
2026-08-21-21-01,東
2026-08-21-23-01,北東
2026-08-22-08-01,南西
2026-08-22-16-01,南東
2026-08-22-21-02,東
2026-08-22-22-01,北
2026-08-23-08-01,南
2026-08-23-16-01,南
2026-08-23-18-01,南
2026-08-23-21-01,東
2026-08-23-21-02,南東
2026-08-23-22-01,北
2026-08-24-08-01,南西
2026-08-24-10-01,南東
2026-08-24-15-01,北
2026-08-24-18-01,南
2026-08-24-21-01,南東
2026-08-24-22-01,北東
2026-08-25-08-01,南西
2026-08-25-09-01,東
2026-08-25-10-01,南東
2026-08-25-15-01,北西
2026-08-25-18-01,南
2026-08-25-21-01,南
2026-08-25-21-02,東
2026-08-25-22-01,北
2026-08-26-08-01,南西
2026-08-26-09-01,東
2026-08-26-10-01,南東
2026-08-26-11-01,南
2026-08-26-14-01,南東
2026-08-26-15-01,北
2026-08-26-18-01,南東
2026-08-26-22-01,東
2026-08-27-04-01,南
2026-08-27-08-01,南東
2026-08-27-09-01,東
2026-08-27-10-01,北東
2026-08-27-11-01,南西
2026-08-27-14-01,南東
2026-08-27-15-01,北西
2026-08-27-18-01,南
2026-08-27-22-01,北西
2026-08-28-04-01,南
2026-08-28-04-04,南
2026-08-28-09-01,東
2026-08-28-10-01,南東
2026-08-28-11-01,北
2026-08-28-15-01,北西
2026-08-28-15-03,北西
2026-08-28-23-01,北西
2026-08-29-09-01,東
2026-08-29-10-01,北
2026-08-29-11-01,南西
2026-08-29-14-01,東
2026-08-29-16-01,南西
2026-08-29-23-01,西
2026-08-30-11-01,南
2026-08-30-14-01,南東
2026-08-30-16-01,南
2026-08-30-23-01,北西
2026-08-31-04-01,北
2026-08-31-08-01,南東
2026-08-31-11-01,北東
2026-08-31-16-01,南東
2026-08-31-18-01,南
2026-08-31-21-01,南
2026-08-31-23-01,南西
2026-09-01-08-01,南東
2026-09-01-16-01,南東
2026-09-01-18-01,南西
2026-09-01-21-01,南
2026-09-01-21-09,東
2026-09-02-08-01,南西
2026-09-02-16-01,南東
2026-09-02-18-01,南
2026-09-02-21-02,東
2026-09-03-08-01,北東
2026-09-03-16-01,北西
2026-09-03-18-01,東
2026-09-03-22-01,南東
2026-09-04-02-11,東
2026-09-04-02-12,東
2026-09-04-06-09,西
2026-09-04-06-11,南西
2026-09-04-10-01,北
2026-09-04-10-02,北
2026-09-04-10-12,北
2026-09-04-12-01,北
2026-09-04-12-09,北東
2026-09-04-13-10,北西
2026-09-04-13-11,北東
2026-09-04-17-04,北
2026-09-04-17-07,北東
2026-09-04-17-09,北
2026-09-04-18-01,北
2026-09-04-20-01,東
2026-09-04-22-01,北
2026-09-04-22-10,北東
2026-09-04-22-11,東
2026-09-04-24-03,東
2026-09-05-10-01,北
2026-09-05-10-02,北西
2026-09-05-11-01,北東
2026-09-05-18-01,東
2026-09-05-22-01,東
2026-09-05-22-12,東
2026-09-06-10-01,北
2026-09-06-10-02,北東
2026-09-06-11-01,北東
2026-09-06-22-01,北
2026-09-07-10-01,南東
2026-09-07-10-02,南東
2026-09-07-14-01,北西
2026-09-07-22-01,北
2026-09-08-10-01,南東
2026-09-08-10-02,北東
2026-09-08-11-01,北東
2026-09-08-14-01,北西
2026-09-08-16-01,北東
2026-09-09-14-01,北
2026-09-09-16-01,南
2026-09-10-14-01,北西
2026-09-10-16-01,南東
2026-09-10-21-01,東
2026-09-11-14-01,北西
2026-09-11-16-01,南
2026-09-11-21-01,東
2026-09-13-05-03,南東
2026-09-13-06-02,南東
2026-09-13-07-09,南東
2026-09-13-07-10,南東
2026-09-13-08-01,南東
2026-09-13-08-09,南東
2026-09-13-09-12,南東
2026-09-13-10-01,南東
2026-09-13-11-01,北東
2026-09-13-18-01,南西
2026-09-13-19-08,東
2026-09-13-20-09,北
2026-09-13-21-01,南
2026-09-13-22-01,北
2026-09-14-04-01,南
2026-09-14-08-01,南東
2026-09-14-10-01,南東
2026-09-14-10-02,北西
2026-09-14-18-01,南
2026-09-14-22-01,南
2026-09-15-04-01,南
2026-09-15-08-01,南東
2026-09-15-10-01,北東
2026-09-15-10-02,北東
2026-09-15-11-01,北東
2026-09-15-14-01,南東
2026-09-15-18-01,南西
2026-09-15-22-01,北
2026-09-16-08-01,西
2026-09-16-14-01,北西
2026-09-16-18-01,南東
2026-09-16-22-01,北
2026-09-16-23-01,北
2026-09-17-04-01,北
2026-09-17-08-01,南西
2026-09-17-15-01,東
2026-09-17-18-01,東
2026-09-17-22-01,東
2026-09-17-23-01,北東
2026-09-18-11-01,北東
2026-09-18-15-01,北西
2026-09-18-22-01,東
2026-09-18-23-01,北東
2026-09-19-02-03,北
2026-09-19-03-02,北
2026-09-19-04-01,北
2026-09-19-13-03,東
2026-09-19-14-01,北
2026-09-19-14-11,北西
2026-09-19-15-01,北東
2026-09-19-16-03,南東
2026-09-19-23-01,北
2026-09-19-23-02,北
2026-09-19-23-05,北
2026-09-19-23-06,北
2026-09-19-23-07,北
2026-09-19-23-12,北
